Type,Alcohol,Malic_Acid,Ash,Ash_Alcalinity,Magnesium,Total_Phenols,Flavanoids,Nonflavanoid_Phenols,Proanthocyanins,Color_Intensity,Hue,OD280_OD315,Proline
A,14.57,2.33,2.68,17.05,127.72,3.75,3.64,1.16,2.78,7.34,1.97,5.05,1088.22
A,14.81,2.5,3,15.74,133.34,3.07,4.85,1.08,3.59,7.7,1.06,4.84,1141.44
A,14.89,2.37,2.58,15.96,133.13,3.03,3.59,1.02,3.86,7.15,1.32,5.41,1195.69
A,14.32,2.21,2.96,18.42,129.87,3.68,3.56,0.88,2.52,6.95,1.74,4.53,1075.75
A,14.31,2.63,2.76,15.61,135.01,3.42,3.14,0.56,3.76,8.6,1.05,5.16,1096.86
A,14.81,2.67,2.98,15.94,135.12,3.14,4.5,0.39,2.36,6.63,1.11,4.89,1162.2
A,14.95,1.85,2.44,17.45,134.53,3.3,4.25,0.32,2.66,8.03,1.21,4.16,1223.03
A,14.97,2.18,2.67,15.77,130.32,2.98,3.77,0.38,3.66,7.99,1.11,5.63,1135.56
A,15.01,2.7,2.63,18.32,133.43,3.42,3.19,0.32,4.03,8.36,1.14,5.1,1229.83
A,14.71,2.52,3.33,17.85,127.47,3.5,3.51,0.34,3.15,5.84,1.64,4.36,1206.23
A,14.8,2.31,3.28,17.95,127.55,3.31,4.44,0.99,3.93,6.94,1.97,5.44,1181.59
A,14.95,1.97,3.02,17.83,128.35,3.36,3.84,1.02,2.78,8.29,1.91,5.83,1163.74
A,14.47,1.72,3.06,16.71,127.36,3.62,4.66,0.9,3.11,8.44,1.05,5.35,1239.74
A,14.54,2.44,2.58,17.61,131,3.29,3.14,0.35,3.53,7.99,2.02,4.14,1198.7
A,14.8,2.12,3.37,15.69,134.09,3.06,4.26,0.45,3.94,6.78,1.51,5.69,1166.7
A,15.12,2.06,2.46,16.99,135.65,3.47,4.07,0.71,3.75,8.42,1.75,4.62,1102.4
A,15.22,2.13,2.89,16.09,133.62,2.85,3.76,0.36,3.37,6.48,1.69,4.08,1239.74
A,14.44,1.84,2.68,16.19,128.82,2.87,3.81,0.86,3.38,7.21,1.27,4.97,1079
A,15.03,1.8,2.73,17.21,135.24,3.16,3.92,1.01,3.14,8.4,1.82,4.17,1079.64
A,14.34,2.04,2.85,16.54,127.38,3.38,3.54,1.05,2.33,6.02,1.11,4.11,1087.65
A,13.26,2.35,2.46,11.62,103.12,3.38,3.9,0.4,2.29,6.44,1.17,3.91,1175.72
A,13.33,2.46,2.37,14.09,103.71,3.65,4.72,1.2,2.04,4.67,1.52,4.63,1156.6
A,13.26,2.24,2.51,13.04,105.61,2.69,4.61,0.96,3.17,6.85,1.16,4.42,1228.43
A,13.32,2.25,3.04,12.45,101.89,3.2,4.46,1.06,3.06,6.69,1.12,4.8,1162.55
A,13.28,1.88,2.93,11.37,100.05,3.01,3.42,1.07,1.7,6.34,1.17,4.98,1131.02
A,14.02,2.22,2.59,12.96,104.05,3.1,3.53,0.7,2.29,5.83,1.06,3.75,1078.08
A,14.04,2.05,2.85,13.18,107.89,2.91,2.91,1.09,2.47,4.68,1.65,4.52,1211.85
A,13.55,2.57,2.91,11.43,101.61,2.73,3.44,1.12,3.1,5.97,1.21,4.25,1203.49
A,13.94,2.52,3.12,13.28,107.75,2.76,4.09,1.09,1.9,6.62,1.14,5.05,1159.97
A,13.44,2.17,2.6,12.99,109.17,2.96,4.55,1.2,3.03,5.78,1.53,4.78,1098.93
A,13.22,2.13,2.66,11.7,100.01,3.25,3.16,0.56,2.99,5.21,1.14,4,1067.74
A,13.97,2.23,2.29,12.63,101.69,3.21,4.61,1.15,2.94,6.23,1.64,3.58,1122.05
A,13.44,2.23,2.92,13.68,105.13,2.76,4.57,1.09,1.85,6.36,1.99,5.03,1148.42
A,13.87,1.88,2.7,11.78,101.91,3.59,4.65,1.15,2.58,5.47,1.45,4.38,1073.22
A,13.45,2.71,2.93,12.63,100.6,3,3.82,0.52,2.16,6.13,1.75,3.64,1080.27
A,13.29,2.14,2.34,11.53,100.78,2.85,3.6,0.52,2.81,4.41,1.36,5.08,1058.25
A,13.24,1.99,2.89,13.83,106.03,2.66,3.91,0.62,2.76,5.18,1.17,3.77,1071.92
A,13.41,2.22,2.47,12.9,101.65,2.83,3.47,0.83,1.65,4.9,1.73,3.71,1097.74
A,13.87,2.34,2.43,14.12,105.22,3.45,4.76,0.64,2.72,5.05,1.47,4.77,1116.63
A,13.38,2.7,3.12,12.62,106.25,3.34,2.87,0.81,1.93,5.98,2.02,4.55,1189.84
A,13.96,3.04,3.04,19.76,103.41,3.57,3.86,0.76,3.31,7.45,1.93,4.28,1373.62
A,13.67,2.78,3.65,19.06,105.21,3.41,4.18,1.08,3.54,6.56,1.22,4.79,1309.57
A,13.69,2.37,2.7,19.28,101.55,3.54,3.52,1,3.55,5.85,1.92,3.4,1295.03
A,13.41,2.74,3.45,21.02,103.62,3,4.51,1.12,3.5,6.93,1.7,3.25,1265.77
A,13.64,3.12,3.23,20.14,106.59,2.91,4.17,0.95,4.38,6.67,1.19,5.03,1240.1
A,13.38,2.37,2.94,21.58,107.73,3.71,3.91,1.1,3.02,7.91,1.66,5.15,1298.42
A,13.32,3.3,2.77,20.24,108.37,3.55,3.29,1,3.35,7.4,1.63,3.17,1380.18
A,13.55,2.68,3.18,19.21,107.45,2.8,3.97,0.57,4.18,5.85,1.08,4.79,1364.53
A,13.37,3.32,2.9,20.05,105.47,3.13,3.77,0.48,3.8,6.75,2,3.91,1190.72
A,13.37,3.19,3.3,20.24,107.27,3.64,4.96,0.49,3.6,8.12,1.54,5.03,1377.29
A,13.45,3.33,3.08,20.27,108.98,3.16,4.45,0.97,3.55,6.75,1.71,4.58,1221.04
A,14.16,2.45,2.79,19.09,108.96,2.98,5.1,1.14,4.53,8.12,1.77,3.92,1259.24
A,14.16,2.79,3.03,18.79,110.52,3.78,4.56,1.18,4.24,6.1,1.7,4.52,1325.99
A,13.87,3.26,2.87,20.93,101.48,3.61,3.51,0.85,4.68,7.42,1.24,4.25,1363.16
A,14.01,2.76,3.5,20.6,105.19,3.18,5.12,0.48,3.16,6,1.52,3.45,1279.8
A,13.66,2.74,3.19,19.71,109.45,3.7,4.46,1.28,3.21,7.63,1.86,4.35,1217.62
A,13.76,2.86,3.59,21.09,105.68,3,4.87,0.49,3.34,6.12,1.82,4.09,1355.27
A,13.84,3.06,3.18,20.47,109.04,3,3.49,0.89,3.31,7.51,1.05,3.51,1249.39
A,13.99,2.82,3.46,21.19,104.88,3.72,4.86,0.88,4.8,8.3,1.34,4.78,1236.79
A,13.42,2.57,3.09,20.36,103.14,3.37,4.92,0.44,3.85,7.52,1.03,4.45,1218.42
A,14.63,2.47,3.33,19.38,118.96,4.56,3.65,0.9,3.18,9.74,1.72,4.59,1640.09
A,14.56,2.17,3.44,17.93,115.15,4.57,5.38,0.68,3.84,8.82,1.47,4.17,1626.66
A,15.35,2.17,2.81,19.64,118.91,4.65,5,0.98,2.86,9.29,1.21,4.69,1593.34
A,14.47,2.62,2.99,18.89,113.77,4.16,5.01,1.02,3.31,9.61,1.04,4.01,1544.33
A,14.8,2.46,3.33,19.51,113.39,4.63,5.46,0.83,3.1,9.08,1.63,4.29,1544.06
A,15.2,2.41,3.46,19.03,117.86,4.03,3.55,0.32,3.41,10.53,0.98,4.24,1508.27
A,14.38,1.96,3.29,17.34,121.7,4.03,3.86,1.13,3.45,10.73,1.73,4.79,1609.95
A,15.25,2.12,3.4,17.38,122.37,4.12,5.11,1.21,3.97,10.7,0.96,4.86,1544.12
A,14.42,2.32,2.89,17.51,116.32,4.27,5.21,0.75,3.58,9.25,1.84,4.4,1572.58
A,15.13,2.49,2.68,18.12,121.3,4.12,3.55,1.17,3.97,10.28,1.15,4.31,1643.85
A,15.24,2.22,3.44,19.37,121.17,4.24,4.16,0.58,3.34,8.94,1.56,5.14,1498.39
A,15.21,2.41,3.38,18.91,113.74,4.12,5.1,1.17,2.36,9.6,1.12,4.13,1642.42
A,15.25,2.55,3.39,16.89,122.1,4.76,4.1,0.82,3.02,9.14,1.51,3.51,1662.61
A,14.69,2.75,3.45,18.86,115.66,4.76,5.25,0.77,2.41,9.33,1.01,5.39,1569.82
A,14.77,2.46,3.3,19.01,113.69,3.95,3.96,0.32,2.45,8.42,1.06,4.67,1677.87
A,14.56,2.86,2.58,17.37,119.98,4.62,4.34,0.27,3.39,9.3,1.66,4.85,1610.51
A,15.19,2.1,3.05,17.55,117.76,4.57,4.95,1.05,3.41,9.02,1.33,5.4,1552.14
A,14.83,2.18,2.83,17.42,115.42,3.94,3.66,1.19,2.32,9.94,1.06,3.6,1535.39
A,15.22,2.71,2.69,17.09,120.15,4.63,3.5,0.91,2.63,8.03,1.07,3.58,1482.51
A,14.56,2.57,3.37,17.05,113.66,4.26,4.17,1.02,4.1,9.71,1.42,4.32,1498.26
A,14.17,3.17,3.73,22.88,119.56,2.87,3.6,0.92,2.16,6.52,1.65,4.02,754.16
A,13.8,3.45,3.15,21.99,119.45,3.09,3.4,1.38,2.54,6.39,1.72,3.91,823.69
A,13.47,2.82,2.96,21.08,122.63,2.86,2.73,1.3,2.66,7.3,1.12,4.27,924.89
A,14.22,2.64,2.94,23.08,120.59,3,3.42,1.22,3.73,5.18,1.67,4.84,871.39
A,13.25,3.52,3.03,21.52,124.54,3.71,3.79,1.25,2.29,5.32,1.66,2.96,775.26
A,13.97,3.12,3.16,23.18,124.51,3.17,3.99,0.96,3.72,5.5,1.23,3.03,832.43
A,14.07,3.06,3.26,22.16,123.87,3.49,4.32,0.45,2.25,6.87,1.53,4.72,770.09
A,14.16,2.6,3.34,22.45,120.24,3.46,4.66,1.04,2.46,5.63,1.61,3.83,857.5
A,14.17,2.9,3.13,22.94,125.47,3.33,3.41,0.52,2.35,7.28,1.63,4.61,807.76
A,13.85,2.93,3.46,21.85,119.64,3.31,4.32,0.41,2.17,6.09,1.58,3.33,805.66
A,13.26,3.42,3.72,21.29,124.15,3.18,3.98,0.95,3.82,4.44,1.21,3.56,755.92
A,13.29,2.65,3.26,23.71,125.42,2.99,3.78,1.19,1.86,7.2,1.36,4.41,803.62
A,13.97,3.58,3.48,21.69,125.7,3.71,2.69,1.09,3.29,5.03,1.45,4.73,743.39
A,13.5,3.17,3.38,22.59,125.24,3.44,2.72,0.7,3.01,6.22,1.76,3,828.15
A,13.82,3,3.84,23.73,118.85,3.72,3.63,1.12,1.88,6.29,1.89,2.94,876.34
A,13.56,2.94,3.25,22.88,126.17,3.52,4.07,1.27,3.81,5.4,1.33,3.76,903.68
A,14.15,3.46,3.47,22,127.96,3.68,3.64,1.3,3.02,6.48,1.93,3.18,822.34
A,13.7,2.81,3.22,23.68,127.48,3.01,4.22,1.39,3.72,5.79,1.3,4.19,806.08
A,13.44,3.47,2.94,21.98,124.34,3.28,3.48,1.09,3.76,4.77,1.18,3.89,853.56
A,14.19,3.01,3.23,21.41,126.49,2.93,4.24,0.66,2.45,6.12,2,4.07,890.45
A,14.55,2.41,3.25,17.51,114.74,3.34,3.94,1.1,2.06,8.1,1.78,3.63,1468.42
A,14.83,1.97,3.09,15.52,119.11,3.31,4.18,0.87,2.03,8.78,1.59,3.77,1637.43
A,14.27,1.87,2.78,15.98,114.43,4.17,5.24,0.46,2.99,8.3,1.21,4.42,1478.7
A,14.23,2.12,2.88,15.87,112.6,3.61,3.9,1.17,2.79,6.86,1.98,3.19,1568.22
A,14.7,1.92,3.28,16.19,119.71,3.78,5.01,0.61,3.04,8.33,1.8,3.06,1617.51
A,14.58,2.72,3.2,16.63,120,3.79,5.07,0.49,2.57,9.39,1.12,3.25,1520.33
A,14.57,2.33,2.79,17.06,114.97,3.57,4.35,0.69,2.27,9.58,1.81,4.12,1602.08
A,15.18,2.52,2.7,17.72,113.93,3.77,4.62,1.04,3.42,9.32,1.35,4.81,1647.8
A,15.05,2.31,2.68,17.51,119.59,3.8,4.98,0.51,2.34,7.98,1.24,4.78,1462.27
A,14.9,2.36,2.58,15.71,121.01,3.67,5.36,1.08,3.52,7.74,1.62,4.17,1589
A,14.23,2.11,3.21,16.83,119.79,3.88,4.69,1.3,3.59,7.53,1.65,3.12,1616.47
A,14.9,2.37,2.45,16.92,114.22,3.29,5.25,0.72,2.77,7.16,1.42,4.7,1591.4
A,14.22,2.37,2.46,17.37,115.64,4.1,5.35,1.13,3.58,8.86,1.29,3.45,1593.48
A,14.36,2.66,2.88,17.41,115.28,3.52,3.76,0.88,2.33,6.78,1.76,3.85,1466.75
A,14.7,2.71,3.41,17.16,117.21,3.67,4.65,0.85,2.56,6.99,1.41,3,1636.13
A,14.78,2.21,3.21,15.91,112.42,4.21,5.23,0.52,3.33,8.79,2.03,3.13,1454.99
A,14.6,2.05,2.61,15.98,119.05,4.22,5.29,1.26,2.74,8.48,1.69,3.66,1621.55
A,14.75,2.09,2.82,16.18,113.72,3.94,3.52,1.17,2.32,7.35,2.01,4.02,1625.01
A,14.4,1.85,2.86,18.16,118.69,3.81,4.48,1.1,3.97,8.62,1.48,3.55,1622.42
A,15.04,2.21,2.65,16.73,121.4,3.9,4.29,0.71,2.16,7.46,1.95,4.64,1487.81
A,14.73,2.23,3.04,16.7,105.96,3.18,4.49,0.45,3.64,7.25,1.33,4.36,1356.29
A,14.91,2.16,2.57,15.45,103.13,2.55,2.88,1.24,2.73,6.93,1.54,3.64,1323.7
A,14.43,2.66,2.58,15.49,105.11,2.91,2.85,0.34,3.53,7.53,1.09,4.36,1335.55
A,14.73,2.28,3.28,15.99,98.29,3.07,4.3,0.93,2.48,5.4,1.97,5.07,1485.55
A,14.45,2.71,2.54,17.42,105.65,3.34,4.18,0.98,2.99,5.48,1.52,3.71,1324.39
A,14.46,2.28,3.09,16.8,102.1,2.72,3.86,1.05,2.89,7.89,1.72,5.35,1373.14
A,14.99,2.59,3.04,15.2,100.38,2.63,3.81,0.54,2.4,6.79,1.67,4.02,1367.73
A,14.92,1.97,3.28,16.53,103.95,2.68,3.81,0.68,2.22,7.25,1.19,4.59,1350.62
A,14.83,2.62,2.62,17.45,103.27,2.93,2.73,0.36,3.26,5.62,1.47,4.94,1296.37
A,15.14,2.25,3.27,14.83,101.14,3.05,3.3,0.41,3.07,6.32,1.3,4.96,1485.63
A,14.46,2.16,2.77,17.43,103.82,3.15,3.23,1.28,3.29,6.9,1.3,5.21,1457.78
A,14.93,2.41,3.18,16.96,102.7,3.41,3.68,0.75,3.57,6.55,1.96,5.5,1408.3
A,14.52,2.75,3.18,14.84,101.02,3.48,2.56,0.34,3.97,6.51,1.09,4.69,1405.15
A,15.09,1.93,3.42,17.46,105.49,3.16,4.4,0.92,3.44,5.26,1.94,4.96,1331.27
A,14.5,2.78,2.88,16.69,104.05,2.73,4.48,0.72,3.14,6.2,2,4.75,1294.47
A,15.37,2.48,3.27,14.76,103.26,2.57,3.86,1.24,3.26,7.95,1.24,5.47,1316.33
A,14.67,1.95,2.81,16.71,104.42,2.53,3.75,0.68,3.24,5.97,1.84,5.39,1392.27
A,15.29,2.39,2.82,17.49,96.64,3.45,3.65,1,2.82,6.63,1.15,3.93,1323.4
A,15.2,2.75,3.35,15.56,99.81,2.93,3.22,0.7,3.83,7.76,1.38,4.94,1359.59
A,14.97,2.34,2.69,17.45,100.63,2.7,3.39,0.61,3.32,6.03,1.22,5.46,1324.35
A,14.33,2.41,3.26,17.62,123.43,3.2,3.57,0.86,1.72,6.76,1.42,5.41,1397.03
A,14.69,2.79,3.1,20.5,123.64,3.52,3.21,0.61,1.78,6.53,1.52,4.9,1463.6
A,14.25,2.47,2.94,18.39,130.09,3.55,4.37,1.2,1.83,5.39,1.46,3.91,1472.4
A,14.06,2.26,3.28,20.35,125.94,3.41,3.49,1.19,1.93,6.51,1.47,4.3,1302.8
A,14.35,2.91,3.4,17.99,121.18,2.84,4.19,1.05,3.16,6.64,1.14,5.42,1367.75
A,14.95,2.94,2.81,19.86,123.98,3.2,4,0.48,1.35,7.16,1.58,4.75,1464.46
A,14.18,2.38,2.99,20.4,127.63,3.34,3.92,1.14,2.65,6.85,1.49,5.43,1296.61
A,14.11,3,3.18,17.74,130.22,2.73,3.92,0.71,3.02,5.94,1.43,5.22,1325.36
A,14.7,3.08,3.42,18.18,130.8,2.83,3.97,1.28,1.3,7.46,1.8,5.57,1493.58
A,14.19,3.07,3.07,18.77,127.93,2.73,3.89,0.55,2.67,5.88,1.25,4.66,1449.32
A,14.47,2.48,3.11,20.1,126.51,2.67,3.31,0.57,1.34,6.19,1.81,5.56,1397.59
A,14.49,2.46,2.67,18.79,125.36,3.46,3.4,0.53,2.45,5.29,1.97,4.99,1301.94
A,14.14,2.29,2.94,20.49,128.18,3.08,3.35,0.4,2.68,5.56,1.89,4.01,1350.41
A,15.05,3.1,2.66,19.69,129.95,2.66,3.83,1.12,2.57,5.98,1.76,5.26,1403.85
A,14.55,2.59,3.47,18.56,129.71,2.69,2.85,1.06,3.22,6.67,1.34,5.49,1462.88
A,14.86,2.29,3.32,18.72,121.39,3.54,3.45,0.44,2.31,5.53,1.98,4.96,1366.71
A,14.35,3.03,2.77,19.5,130.87,2.78,3.15,0.78,2.47,7.34,1.75,5.32,1364.26
A,14.62,2.16,3.56,19.35,127.98,2.78,2.66,0.54,2.83,6.65,1.88,4.62,1353.62
A,14.91,2.47,2.67,19.25,124.69,3.08,4.5,0.92,2.51,8.02,1.92,5.42,1477.9
A,14.48,2.71,2.68,19.9,122.02,3.13,4.47,0.8,3.05,6.38,1.38,5.55,1414.95
A,15.46,2.59,2.39,16.73,101.54,3.08,3.48,0.57,3.49,5.7,1.27,3.2,1141.73
A,15.46,2.47,2.22,16.42,99.84,2.88,4.78,0.53,2.9,5.33,1.94,3.27,1219.28
A,15.12,2.33,2.66,16.93,99.3,3.74,4.11,0.52,3.59,7.13,1.97,4.4,1070.56
A,14.96,1.89,2.49,16.16,103,2.84,3.06,0.58,2.14,7.85,1.2,3.77,1081.48
A,15.39,1.73,3.16,15.42,105.4,3.45,3.44,0.99,3.56,6.92,1.85,3.64,1081.57
A,14.88,1.82,3.07,14.03,102.04,3.63,3.34,0.71,3.81,8.01,1.38,3.41,1189.45
A,15.39,2.49,2.36,16.65,101.28,2.89,4.44,0.58,2.7,8.02,1.78,3.63,1200.7
A,14.88,2.19,2.58,16.19,105.29,3.58,3.57,1.19,3.25,5.35,1.95,4.08,1088.06
A,15.58,2.48,2.23,14.56,98.84,3.48,3.95,1.2,2.08,7.99,2.06,3.52,1146.91
A,15.42,1.93,2.44,16.88,102.77,2.94,4.13,1.21,3.76,7.06,1.78,4.46,1243.29
A,15.61,2.26,3.11,15.88,97.32,3.47,3.06,1.15,2.94,6.03,1.27,3.72,1059.11
A,15.19,2.38,3.16,15.05,105.23,3.11,4.21,0.32,3.26,5.49,1.4,4.46,1072.72
A,14.94,1.67,2.61,15.89,102.51,3.73,3.37,0.32,3.72,8.09,1.96,3.96,1151.03
A,15.01,2.33,2.28,15.39,106.92,3.6,3.09,0.59,3.19,7.51,1.74,4.7,1100.88
A,15.33,1.96,2.88,15.88,100.81,2.83,3.58,0.94,2.32,7.47,1.72,3.7,1221.47
A,14.91,2.53,2.54,14.74,102.03,3.78,3.18,0.72,2.34,5.2,1.79,3.92,1189.61
A,14.95,2,2.81,16.26,99.19,2.95,3.63,1.28,3.46,6.24,1.89,4.61,1091.08
A,15.11,2.46,2.36,15.12,105.62,2.86,4.33,0.93,3.14,5.59,2.02,3.41,1062.74
A,15.57,2.63,2.89,15.28,105.93,3.02,3.86,0.93,2.94,6.95,1.86,3.24,1058.88
A,15.46,2.31,2.92,16.28,106.32,3.68,4.46,0.89,3.94,5.77,1.47,3.15,1243.04
A,14.07,1.52,2.69,16.03,106.85,3.49,5.12,0.68,2.12,7.98,1.39,5.04,1240.25
A,14.28,1.83,2.92,16.24,104.27,3.81,4.28,0.31,2.86,7.62,1.33,4.81,1203.65
A,14.84,2.21,2.79,17.25,100.23,3.54,5.03,0.98,2.82,9.73,1.94,3.86,1174.27
A,14.27,1.38,2.39,18.72,103.56,3.55,4.55,0.66,2.65,9.62,1.11,4.26,1050.28
A,14.08,1.9,2.59,17.91,100.2,3.21,4.24,0.82,2.7,7.25,1.7,5.32,1104.85
A,14.57,2.14,2.38,18.74,103.4,3.38,5.02,0.36,2.09,9.26,1.2,4.79,1065.19
A,14.15,1.67,2.51,16.67,100.57,3.48,4.26,0.49,2.09,8.08,1.41,5.29,1119.18
A,14.1,1.95,3.09,17.1,99.87,3.92,3.43,0.38,3.4,8.45,1.54,4.27,1089.79
A,14.6,2.27,2.51,16.3,106.85,3.85,4.16,0.93,2.08,7.71,1.4,4.02,1091.75
A,13.9,1.58,2.57,17.5,99.4,3.2,5.14,0.94,2.57,7.27,1.12,3.81,1204.81
A,14.39,1.84,2.4,16.95,104.76,3.84,4.04,0.48,3.4,9.09,1.14,5.5,1112.31
A,13.86,1.6,2.47,18.34,99.86,3.88,4.19,0.7,3.64,7.47,1.61,4.86,1182.53
A,14.41,1.58,2.4,16.98,103.78,3.8,4.79,0.48,3.12,10.16,2,5.55,1200.29
A,13.98,1.85,3.08,16.69,99.33,3.05,3.93,1.15,2,7.27,1.06,4.3,1218.95
A,13.95,2.28,2.46,17.08,105.38,3.81,4.78,0.32,3.1,9.87,1.61,5.49,1045.04
A,14.2,1.64,2.53,16.22,103.92,3.94,3.64,1.08,2.52,9.62,1.67,3.87,1184.91
A,14.2,1.43,2.64,18.66,99.92,3.43,4.45,0.24,2.19,8.45,1.65,4.95,1129.46
A,14.52,2.28,2.97,17.62,103.83,3.34,4.93,0.49,3.39,7.23,1.51,3.65,1193.29
A,14.22,1.83,2.38,17.16,103.76,3.8,4.01,0.42,2.96,7.63,1.16,4.9,1215.33
A,14.37,1.88,2.62,17.49,104.74,3.64,3.55,0.94,2.59,9.19,1.49,4.79,1163.55
A,14.54,3.11,2.92,19.97,109.67,3.07,5.2,0.73,3.74,5.8,1.54,4.14,1655.25
A,14.45,2.39,3.27,18.26,105.2,3.55,4.83,0.65,3.97,7.81,1.73,3.25,1681.88
A,14.32,2.91,3.21,19.63,108.5,3.31,4.38,0.49,2.91,7.33,2.24,3.67,1706.8
A,14.43,2.29,2.43,18.68,106.19,3.58,4.3,1.07,2.85,7.38,1.41,3.83,1643.42
A,14.85,2.25,3.22,19.42,106.51,3.9,4.67,0.91,4.08,7.31,2.18,3.79,1597.13
A,14.77,2.44,2.43,19.06,108.85,3.57,4.54,0.74,3.37,7.13,1.3,3.61,1705.02
A,14.39,2.4,2.7,19.52,106.94,3.94,4.95,0.87,2.83,8.17,2.14,4.65,1694.55
A,14.23,2.3,2.94,18.85,112.39,3.53,4.16,0.39,3.63,6.76,1.37,3.93,1522.54
A,14.59,3.01,2.38,20.55,111.91,3.67,3.38,0.78,3.05,6.89,1.35,3.36,1701.88
A,14.58,2.78,2.73,19.48,111.72,2.95,4.42,0.95,3.39,7.26,2.03,5.16,1625.53
A,15.01,2.65,2.69,20.26,113.97,3.21,5.18,0.59,3.85,8.19,1.66,3.5,1627.9
A,14.11,2.73,2.86,19.99,106.8,3.35,4.47,0.62,2.99,6.56,2.13,4.51,1626.38
A,14.6,2.74,2.93,20.77,108,3.71,5.24,1.12,3,6.77,1.95,3.96,1650.5
A,14.36,2.59,3.14,20.13,107.92,3.35,3.4,0.43,3.13,6.63,1.34,3.47,1708.55
A,14.54,2.58,2.55,19.41,113.37,3.31,4.96,0.42,3.07,8.6,1.5,3.22,1704.14
A,14.59,2.63,3.23,19.69,111.98,3.75,4.86,0.26,3.96,6.38,1.39,3.86,1567.2
A,14.1,3.08,3.04,19.5,109.16,3.84,3.77,0.69,4.33,6.92,1.9,4.14,1641.85
A,14.29,3.15,2.91,18.75,110.3,3.86,4.05,1,2.5,7.49,1.58,4.38,1626.66
A,14.71,2.82,2.39,19.67,110.58,3.56,4.18,0.96,3.59,8.12,1.38,4.2,1523.02
A,14.39,2.97,2.81,20.25,109.6,2.96,4.8,0.63,4.01,6.09,1.39,3.31,1643.08
A,14.97,2.39,3.29,18.3,96.8,3.14,2.44,0.45,1.7,5.34,1.26,2.83,1382.77
A,14.34,2.11,2.38,19.4,96.8,2.75,3.51,0.45,2.11,5.9,2.06,4.57,1423.4
A,14.57,1.52,2.56,19.31,96.41,2.25,4.12,1.12,2.24,6.9,1.75,3.98,1386.82
A,14.23,1.93,2.4,17.54,98.18,2.96,3.47,0.43,3.17,7.93,2.01,3.33,1290.98
A,15.1,1.92,2.59,17.81,104.38,2.22,3.01,1.09,2.09,5.14,1.31,3.29,1316.74
A,14.9,2.12,2.96,18.79,99.68,2.7,3.23,0.51,3.08,6.33,1.75,4.05,1286.61
A,14.28,1.68,2.47,18.87,96.38,2.63,2.44,0.77,2.39,5.08,1.64,3.2,1454.23
A,14.33,2.43,3.16,19.19,104.31,3.08,2.67,0.3,1.9,7.38,1.51,3.41,1321.44
A,14.99,2.34,2.88,16.84,104.36,3.05,2.74,0.99,1.98,5.94,1.56,4.05,1348.44
A,14.64,1.55,2.5,17.22,101.74,2.2,3.17,0.29,1.92,5.65,2.12,3.4,1448.45
A,14.34,1.76,3.17,19.07,101.25,2.65,3.95,0.48,2.4,7.19,1.29,3.78,1454.23
A,14.85,2.02,2.59,19.39,98.45,2.91,3.03,0.85,2.79,7.52,1.46,4.41,1358.79
A,14.3,2.02,3.19,18.34,98.33,2.48,4.1,1.01,1.74,5.17,1.18,3.6,1461.96
A,14.22,1.66,2.98,19.64,102.84,2.54,2.56,0.74,2.68,7.91,1.31,3.75,1372.54
A,14.59,2.31,2.87,18.51,97.71,3.13,3.7,0.45,3.26,6.98,1.26,4.04,1454.8
A,14.55,1.51,3.01,18.99,101.94,2.24,2.78,0.4,3.33,6.55,1.19,3.61,1383.82
A,15.11,2.41,2.37,18.57,98.75,2.63,2.73,0.79,2.72,5.36,1.25,4.42,1462.93
A,14.88,1.97,3.23,19.02,97.26,2.96,3.61,0.79,2.65,7.14,1.38,2.94,1440.09
A,14.48,2.46,3.22,18.92,98.59,2.97,3.21,0.58,2.21,5.68,1.77,4.02,1408.61
A,14.61,2.46,2.37,18.26,96.99,2.38,4.12,0.86,2.37,7.3,1.38,3.6,1428.09
A,14.02,1.93,2.93,18.45,90.14,2.76,4.34,0.9,2.24,5.99,1.7,2.93,1402.06
A,14.35,1.74,3.38,17.92,97.56,3.22,3.24,1.15,3.7,8.43,1.24,3.1,1370.47
A,13.98,2.07,2.98,18.94,97.13,3.17,4.57,1.23,2.25,6.12,1.81,4.46,1501.37
A,14.72,2.54,2.91,17.27,96.74,3.07,2.87,1.08,3.79,7.68,1.4,2.99,1461.71
A,13.89,2.09,2.72,16.11,94.49,2.95,3.01,1.01,2.19,8.12,1.22,4.46,1499.34
A,14.69,1.75,2.51,17.72,96.36,3.25,4.45,1.11,3.22,6.02,1.22,3.15,1440.04
A,13.8,1.82,3.05,17.06,97.73,3.53,3.43,1.22,1.89,7.06,1.37,3.86,1504.01
A,14.1,2.01,3.11,16.92,90.44,3.6,4.61,0.78,2.71,8.45,1.16,4.52,1414.26
A,14.15,2.42,3.33,16.87,96.49,3,3.34,0.69,3.39,7.46,1.34,4.09,1334.36
A,14.26,1.98,2.49,17.26,96.06,3.16,4.21,0.41,3.77,6.65,1.62,3.19,1389.34
A,14.58,2.27,3.38,18.67,98.01,2.84,2.91,0.49,1.98,8.39,1.67,3.19,1509.56
A,13.82,1.95,3.03,18.48,94.68,2.77,3.52,0.4,2.61,5.67,1.93,3.32,1500.16
A,13.9,2.44,3.3,18.92,89.72,3.1,3.87,1.27,2.4,6.83,1.29,3.97,1391.06
A,13.99,2.48,2.99,17.27,97.74,3.22,4.32,0.72,3.4,6.38,2.04,3.01,1411.13
A,14.03,2.49,2.96,16.51,91.02,3.08,3.49,0.63,2.22,7.11,1.38,3.35,1479.02
A,14.02,2.1,3.23,18,89.22,2.66,3.48,0.9,3.23,7.24,1.52,4.14,1516.37
A,14.15,2.59,2.56,17.94,90.26,3.23,4.05,0.53,3.25,6.07,1.74,3.4,1461.46
A,14.16,2.21,3,17.19,89.67,3.26,4.31,0.79,2.26,5.89,1.86,4.22,1494.74
A,14.7,2.55,3.21,18.3,94.73,3.2,3.41,0.83,3.2,6.21,1.95,3.64,1512.76
A,13.98,2.39,2.72,16.1,90.86,3.36,4.13,0.77,2.7,7.13,1.39,4.73,1501.9
A,15.06,1.97,2.62,12.89,91.12,3.37,5.48,0.62,3.25,5.97,1.42,2.84,1241.03
A,15.66,2.65,3.33,13.38,91.05,4.03,5.21,0.97,3.89,5.42,1.28,3.82,1238.03
A,15.34,1.97,3.23,12.85,92.96,3.9,4.2,1.04,3.43,7.97,1.45,2.97,1309.22
A,15.03,2.24,3.28,14.28,98.5,3.51,4.61,0.52,4.59,7.37,2.18,3.02,1250.12
A,15.01,2.18,2.42,14.35,98.28,3.32,4.82,0.96,4.07,8.24,1.31,4.68,1317.34
A,15.44,2.65,2.45,13.65,95.28,3.83,4.06,0.43,3.16,6.06,2.08,2.75,1277.23
A,15.69,2.24,2.71,11.63,96.16,3.89,5.12,0.79,4.58,8.36,1.58,4.01,1164.52
A,15.33,2.67,2.47,12.75,95.44,3.89,3.88,1.18,3.23,6.99,1.91,4.26,1236.17
A,14.94,2.7,2.68,12.26,96.57,3.43,5.58,1.43,4.33,8.27,1.45,4.52,1212.67
A,15.36,2.17,3.35,11.79,97.67,3.49,4.63,1.29,3.51,6.05,1.44,3.59,1185.8
A,14.89,2.13,3.25,11.58,98.56,4.03,3.8,1.32,4.13,7.01,2.2,2.98,1183.82
A,15.38,2.12,2.43,11.47,91.62,3.87,4.05,0.87,2.99,6.79,1.71,2.73,1232.53
A,15.15,1.87,3.24,13.86,95.05,3.5,5.19,1.35,3.43,7.07,2.18,4.07,1305.56
A,15.36,2.21,3.23,12.22,96.68,3.15,3.86,0.52,4.42,7.4,1.38,3.26,1223.66
A,15.16,1.94,3.25,12.47,92.11,3.85,5.15,1.4,4.67,7.48,2.04,3.65,1345.54
A,15.1,1.74,3.31,12.44,93.35,3.83,4.04,1.15,3.15,8.12,1.44,3.44,1325.57
A,14.99,1.8,2.76,11.54,97.5,3.63,3.86,1.26,3.07,7.67,1.74,2.91,1236.66
A,14.98,2.15,3.02,13.13,95.59,3.69,4.46,0.59,4.34,7.64,1.82,3.82,1218.27
A,15.66,2.54,3.38,14.08,97.47,3.43,5.41,1.14,4.04,8.22,2.15,3.63,1225.38
A,15.3,2.62,2.6,13.46,99.29,3.25,5.52,0.75,3.99,7.43,1.85,4.6,1256.78
A,14.67,2.79,3.02,13.97,103.94,4.25,4.57,1.12,2.97,10.16,1.97,4.55,1591.13
A,15.27,2.78,2.42,13.09,106.75,3.36,5.5,1.16,3.44,7.71,1.99,3.97,1677.91
A,15.31,2.54,3.33,13.32,111.29,3.36,5.13,0.55,3.39,9.76,1.36,4.6,1618.53
A,14.4,2.09,2.91,14.97,102.27,4.07,4.57,0.99,3.51,8.66,1.26,3.45,1692.92
A,14.47,2.73,3.2,12.12,105,3.44,4.34,1.28,3.1,10.22,1.49,4.46,1702.33
A,15.19,2.41,3.22,14.53,108.68,3.33,4.15,0.97,3.09,9.79,2.05,4.34,1722.21
A,14.44,2.68,3.36,13.98,104.64,3.53,5.29,0.62,3.12,7.66,2.08,4.36,1712.54
A,14.52,1.99,3.05,14.04,107.58,4.06,5.6,0.53,4.29,9.16,1.81,4.25,1643.97
A,14.64,2.37,3,12.57,107.87,4.06,4.86,0.41,4.58,9.95,1.69,3.94,1672.36
A,15.12,2.31,3.16,13.82,109.97,4.18,3.69,0.62,3.37,7.88,2.17,3.27,1603.56
A,15.12,2.01,2.52,14.09,109.04,3.37,4.43,0.75,4.54,9.48,2.03,4.82,1548.61
A,15.34,2.5,2.59,13.72,102.13,4.28,4.66,1.14,4.73,7.54,1.51,4.39,1736.84
A,14.38,1.88,3.37,14.78,103.58,3.83,4.26,0.91,3.04,10.4,1.63,4.08,1614.86
A,14.5,2.56,2.75,12.24,108.34,4.26,3.91,0.96,3.34,9.81,1.23,3.74,1641.25
A,14.88,2.16,2.96,12.95,106.71,3.41,5.53,0.62,4.93,7.57,1.82,3.14,1672.08
A,15.15,2.04,2.76,14.1,105.19,4.29,5.04,0.93,3.81,8.34,1.55,4.14,1736.26
A,14.45,1.9,2.42,13.26,110.16,3.35,5.27,0.34,4.7,7.81,1.74,4.38,1568.54
A,14.94,2.28,2.43,14.95,102.7,4.21,3.81,0.44,3.57,9.56,2.05,3.38,1696.26
A,14.72,2.35,2.66,13.02,105.82,4.17,4.39,0.55,4.42,9.55,1.77,3.29,1688.37
A,14.5,2.44,3.38,14.44,110.54,3.57,5.39,0.52,4.74,8.93,2.03,4.33,1623.55
A,14.07,2.22,3.29,17.87,118.67,3.45,4.06,1.28,3.27,8.02,1.56,4.85,1487.32
A,14.05,2.12,2.85,18.39,120.28,3.28,3.66,0.53,2.4,8.43,1.8,3.49,1371.69
A,14.2,1.9,2.79,20.09,112.74,3.04,3.56,0.85,2.12,7.95,2.2,2.95,1369.8
A,14.24,2.71,3.16,19.49,112.41,3.45,4.52,1.27,1.63,9.02,1.75,3.15,1496.5
A,13.81,2.05,2.91,17.93,120.07,3.02,2.98,1.19,1.81,9.97,1.32,4.51,1386.18
A,13.79,1.99,2.78,17.89,121.69,3.55,4.4,0.46,2.32,9.18,1.43,2.9,1355.48
A,14.37,2.77,3.05,18.22,116.06,3.44,3.05,1.18,2.53,9.68,2.16,4.78,1493.27
A,14.06,2.4,3.09,19.83,112.67,3.34,4.64,0.46,2.93,7.87,1.88,3.15,1477.9
A,13.72,2.79,3.55,19.6,119.26,3.16,3.69,0.68,2.78,9.66,1.75,3.92,1443.81
A,14.11,1.85,3.15,19.31,118.4,2.96,4.56,0.41,2.86,8.15,1.79,2.91,1466.94
A,14.12,2.45,2.86,18.96,119.69,3.58,3.65,0.42,2.71,10.19,1.56,3.97,1475.92
A,13.99,2.57,3.63,18.27,119.28,3.75,2.98,1.23,1.88,9.82,2.08,3.83,1442.27
A,14.39,2.45,3.26,17.77,116.16,3.34,4.21,1.12,1.52,7.52,1.84,3.83,1428.81
A,13.65,1.84,3.3,17.35,114.9,3.29,3.32,0.36,2.18,7.88,2,3.88,1317.05
A,13.73,2.47,3.26,18.64,121.18,3.17,4.71,1.16,1.96,9.57,1.84,2.97,1385.34
A,14.16,2.25,3.27,18.13,120.92,3.6,4.55,0.71,2.27,8.39,2.15,4.62,1508.67
A,14.1,1.96,2.91,18.03,115.6,3.35,2.94,1.21,3.24,9.17,1.78,4.44,1334.1
A,13.94,2.54,2.71,19.51,112.72,3.27,4.31,0.72,3.29,8.18,1.7,4.4,1387.36
A,13.67,2.34,3.34,19.86,120.87,3.81,3.66,1.28,1.48,7.46,2.27,3.17,1436.49
A,13.86,1.88,3.3,20.17,117.74,3.85,3.61,1.23,1.74,8.76,1.61,3.33,1426.48
A,15.1,2.47,2.74,21.39,124.92,3.32,4.76,0.89,2.3,6.59,1.12,3.41,1421.42
A,14.55,2.75,3.11,22.29,120.27,3.2,4.65,0.65,2.64,7.74,1.3,2.79,1294.4
A,14.94,2.42,3.46,22.23,120.45,2.82,3.94,0.65,3.5,8.08,1.5,4.26,1327.49
A,15,2.71,3.11,22.56,120.44,3.49,3.42,0.79,2.2,8.17,1.25,3.49,1435.13
A,14.89,2.03,3.59,20.21,126.66,3.34,4.65,0.54,2.62,7.63,1.66,3.5,1444.9
A,14.95,2.21,3.65,22.11,120.85,3.15,4.75,0.68,2.45,8.91,2.02,3.5,1338.3
A,15.01,2.66,3.43,21.07,128.52,3.71,4.26,0.61,3.7,7.97,1.12,4.23,1290.5
A,14.56,2.9,2.82,21.35,129.59,3.78,4.01,0.96,3.91,6.69,1.35,3.7,1454.33
A,15.19,2.14,2.93,21.87,126.27,3.76,3.92,1.27,3.73,8.5,1.36,4.17,1314.11
A,14.91,2.8,3.51,20.91,126.37,3.68,4.76,1.12,3.19,7.29,1.58,3.02,1397.11
A,14.89,2.42,3.07,21.37,120.9,3.76,4.58,0.92,3.37,7.29,1.58,4,1400.39
A,14.61,2.74,3.24,20.68,129.18,3.25,4.66,0.42,2.42,8.91,1.18,4.32,1471.44
A,15.13,2.6,3.52,21.29,125.52,2.93,4.11,0.83,3.88,6.42,1.19,3.67,1344.89
A,14.91,2.64,3.63,22.62,122.84,3.09,3.65,0.73,2.59,8.55,1.35,2.95,1328.37
A,14.77,2.49,3.36,22.43,129.55,3.37,3.72,0.64,3.66,8.23,2.02,3.43,1414.04
A,14.85,2.74,3.06,22.11,123.95,2.82,4.51,0.97,3.54,8.28,1.79,3.26,1360.83
A,15.11,2.37,3.29,21.64,120.56,3.75,4.91,0.86,3.71,6.54,1.27,3.1,1459.14
A,14.95,2.15,3.25,22.12,120.94,3.49,4.07,0.69,3.21,8.6,1.29,4.64,1296.23
A,14.7,2.13,3.19,22.47,120.3,3.4,4.96,1.27,2.95,8.72,1.27,2.98,1344.24
A,14.92,1.98,2.88,21.58,124.59,3.03,4.1,0.94,1.99,7.91,1.54,2.66,1350.79
A,14.11,1.62,3.03,21.36,123.63,3.41,4.04,0.96,1.89,8.55,1.38,3.92,1169.59
A,14.61,1.81,3.27,22.04,120.58,3.08,4.85,0.55,2.85,6.67,1.69,3.42,1262.17
A,13.86,1.84,3.36,20.02,122.77,3.09,3.74,0.92,3.39,8.74,1.69,3.86,1288.86
A,14.39,2.43,2.94,21.34,119.66,3.68,4.87,1.3,2.68,8.44,1.53,3.32,1223.27
A,14.24,2.12,3.29,22.16,115.44,3.08,5.18,1.4,3.25,8.08,1.36,2.95,1241.15
A,14.51,1.72,3.58,22.64,115.82,3.84,4.11,0.97,3.23,7.86,2.01,3.4,1158.85
A,14.05,1.83,3.48,20.48,118.08,3.05,4.09,0.49,2.7,7.29,1.44,4.07,1212.14
A,14.69,1.8,2.94,21.18,116.87,3.88,5.28,0.83,2.26,8.29,1.68,3.42,1200.18
A,14.14,1.65,2.98,21.39,118.1,3.51,4.3,0.57,2.97,8.99,1.64,3.77,1278.14
A,14.43,1.93,2.65,21.65,116.55,3.53,4.23,1.26,2.1,9.5,1.29,3.12,1183.16
A,14.22,2.3,3.48,21.69,119.23,3.33,4.41,0.5,2.93,9.32,1.82,3.11,1162.03
A,14.79,2.41,3.07,22.29,120.08,3.06,3.78,0.69,2.57,7.86,1.9,2.84,1205.68
A,14.5,2.49,3.1,22.18,122.17,3.83,4.44,0.94,1.81,9.37,1.86,2.59,1283.31
A,14.6,1.66,2.99,22.42,118.26,3.55,4.66,1.34,2.08,7.72,1.97,4.29,1195.69
A,14.63,2.17,2.95,21.97,117.57,3.49,3.43,1.19,3.39,7.64,1.37,3.97,1310.74
A,13.88,2.2,3.17,22.43,116.04,3.54,5.11,1.34,2.6,8.47,1.27,4.01,1291.4
A,14.12,2.35,2.62,20.89,121.2,3.62,3.8,0.5,2.73,7.83,1.44,3.81,1160.63
A,14.34,1.77,3.04,20.45,120.07,3.01,5.18,0.88,1.88,9.31,1.63,3.54,1325.48
A,14.79,1.82,2.68,20.47,121.39,3.31,4.16,0.46,3.48,6.7,1.64,2.71,1308.77
A,14.81,2.08,2.7,22.81,120.33,3.3,4.8,1.14,3.34,9.02,1.34,2.67,1233.05
A,14.85,1.61,3.3,18.26,116.2,3.72,5.76,0.72,3.55,10.5,1.87,3.48,1841.73
A,14.7,1.89,3.05,18.41,114.07,3.47,4.38,0.47,2.54,9.62,2.05,4.23,1744.04
A,14.44,2.29,2.52,17.85,111.37,3.6,5.16,0.53,2.99,9.45,1.24,4.7,1690.37
A,14.22,2.04,2.76,17.86,108.64,4.11,5.73,0.82,3.52,10.78,2.02,4.23,1869.5
A,14.95,2.04,2.78,17.71,116.58,4.14,4.21,0.34,2.07,8.89,1.53,3.03,1828.68
A,14.22,2.15,2.81,19.31,113.08,4.29,5.33,0.63,2.92,11.25,2.19,3.43,1767.12
A,14.94,2.45,2.58,18.24,109.33,3.61,4.21,0.94,2.02,8.74,1.53,3.26,1809.32
A,14.94,2.08,3.14,17.27,112.12,3.54,5.62,1.12,3.65,10.89,2.01,3.27,1680.16
A,14.67,2.21,3.24,17.88,113.27,3.82,5.78,0.67,3.19,11.15,2.02,3.8,1756.65
A,15.18,2.53,3.45,18.24,117.3,3.33,5.62,1.16,3.78,10.9,1.32,3.59,1714.47
A,15.09,1.87,3.26,18.03,116.8,3.52,4.69,0.86,2.25,9.44,1.46,4.11,1807.17
A,14.45,2.38,3.46,18.54,108.41,3.52,5.23,0.79,2.25,10.12,1.26,3.81,1700.05
A,15.11,2.23,3.21,17.84,114.99,3.87,4.85,1.31,3.54,9.37,1.7,4.7,1773.9
A,14.22,1.66,2.54,19.47,115.56,3.41,5.48,1.24,2.6,9.37,1.39,3.47,1741.8
A,14.37,1.71,3.07,16.53,112.26,4.25,5.87,0.74,3.71,9.61,2.02,3.98,1858.31
A,14.6,2.1,2.52,17.16,108.68,3.54,5.16,1.23,3.29,10.99,1.84,3.67,1735.44
A,14.23,2.34,3.41,18.71,115.91,3.75,5.4,0.83,1.89,8.84,1.41,4.09,1868.33
A,14.42,2.11,3.14,17.28,112.28,3.63,5.77,0.67,3.82,11.1,1.94,3.53,1695.57
A,14.76,2.33,3.25,18.81,114.4,3.38,4.43,0.96,2.05,10.44,2.15,3.51,1699.07
A,14.96,1.85,3.47,19.39,114.04,3.59,4.74,0.55,2.61,11.67,1.29,3.62,1801.79
A,13.89,3.49,3.29,16.21,123.86,2.97,4.21,0.81,2.78,6.26,1.35,3.93,885.56
A,13.77,3.96,3.05,16.25,121.4,3.57,3.96,0.52,3.53,7.51,1.47,4.03,920.82
A,14.18,4.03,3.46,17.21,118.06,3.44,3.66,0.46,1.99,5.76,0.97,4.37,981.86
A,13.68,3.45,2.68,15.62,116.02,3.26,4.51,0.18,2.5,5.36,1.65,4.01,909.45
A,13.88,4.01,3.03,16.93,117.15,3.38,3.54,0.67,2.27,7.19,1.8,4.07,1013
A,14.21,4,3.52,16.39,117.1,2.76,3.9,0.78,1.97,6.16,1.93,5.13,931.13
A,14.36,3.18,3.33,16.63,119.15,2.93,4.25,0.75,1.95,8.08,1.37,3.37,982.07
A,14.48,3.24,3.5,18.19,117.71,2.71,3.64,0.5,2.67,6.21,1.92,5.07,1035.82
A,14.18,4.03,2.75,17.59,116.97,2.82,3.84,0.19,3.25,7.59,1.7,3.67,1015
A,14.53,3.27,2.74,17.05,119.34,3.36,4.33,0.3,1.92,5.33,1.2,5.12,979.34
A,14.28,3.76,2.95,16.19,121.19,2.77,3.09,1.08,2.32,7.38,1.36,4.78,986.71
A,14.49,4.01,2.64,17.01,124.36,3.27,4.27,0.59,1.89,7.34,1.24,4.48,890.27
A,14.64,3.17,2.57,17.65,119.16,3.04,3.31,0.59,3.01,5.22,1.61,4.13,883.99
A,14.34,3.14,2.85,17.99,120.81,3.27,4.89,0.51,3.28,7.01,1.74,3.41,1013.85
A,14.42,4.09,3.05,17.76,122.52,3,4.28,0.39,2.86,6.36,1.1,3.56,923.41
A,14.47,3.67,3.34,16.72,118.26,2.96,3.78,0.69,3.28,6.54,1.66,3.61,1033.85
A,14.48,3.36,3.21,16.29,124.65,3.03,3.44,0.53,3.18,6.49,1.41,4.67,880.39
A,14.64,3.61,3.54,17.65,121.6,3.01,3.62,0.4,2.29,5.94,1.95,5.17,903.85
A,13.8,3.87,3.38,17.72,117.69,3.44,3.22,0.86,1.94,5.38,1.25,4.77,935.6
A,14.17,3.37,3.54,17.2,118.78,3.32,4.43,1.12,2.56,5.36,1.52,4.76,994.41
A,14.27,2.51,2.92,18.24,130.34,3.35,5.05,0.46,2.21,7.37,1.47,5.09,979.1
A,14.51,1.72,2.56,18.25,126.72,3.49,4.26,0.46,3.11,8.31,1.92,4.37,916.47
A,14.15,2.07,2.67,16.67,131.96,3.01,4.34,0.6,3.18,8.3,1.98,4.66,887.61
A,15,2.23,2.79,18.73,134.43,3.11,5.15,0.7,2.36,8.45,2.06,4.92,948.4
A,14.47,2.33,2.67,18.03,132.23,3.66,3.56,0.32,2.77,6.04,1.11,4.11,955.61
A,14.13,2.31,2.87,18.66,135.61,3.37,3.78,0.97,2.26,5.72,1.2,5.41,782.88
A,14.96,2.3,2.5,17.55,129.66,3.74,5.07,1.2,3.05,8.11,1.13,4.45,828.33
A,14.67,2.52,2.98,18.45,133.71,3.41,3.77,0.26,2.63,5.97,1.67,5.62,857.81
A,14.35,1.8,3.07,18.81,127.72,3.72,4.77,0.68,2.12,6.5,2,4.76,854.85
A,14.95,1.82,2.38,17.34,134.78,3.68,3.75,0.37,2.51,6.53,1.47,4.03,799.62
A,14.64,2.46,3.18,18,133.42,3.92,4.03,0.68,3.66,6.73,1.45,4.2,830.67
A,14.23,2.09,2.79,17.65,126.57,3.88,4.15,0.68,2.42,7.71,1.42,3.97,826.39
A,14.89,1.79,2.31,17.79,127.88,3.4,4.11,0.34,3.76,5.78,1.86,4.38,916.26
A,14.11,2.16,2.92,18.64,130.47,3.51,4.52,0.76,3.13,8.01,1.34,4.89,908.45
A,14.66,1.95,3.13,18.57,126.15,3.46,4.92,1.08,3.56,6.98,1.29,3.9,956.62
A,14.51,2.44,3.18,18.27,128.04,3.69,4.58,0.79,3.1,7.13,1.83,4.5,906.04
A,14.73,1.88,2.46,17.74,134,3.77,3.47,1.22,3.39,7.15,1.28,3.81,848.19
A,14.43,2.59,2.48,18.26,126.87,3.37,4.16,0.73,4.1,7.99,2.07,4.97,797.28
A,14.67,2.37,2.66,16.51,135.38,3.13,4.41,0.5,3.22,7.63,1.9,5.07,855.62
A,14.39,2.54,2.86,16.83,134.91,3.67,4.99,0.46,3.55,7.76,1.48,5.31,844.03
A,13.52,3.87,2.78,18.96,102.86,3.05,3.42,0.44,2.52,7.17,1.87,3.78,803.24
A,13.05,4.31,2.84,20.4,109.91,2.45,3.42,0.55,2.24,5.08,1.94,5.23,964.25
A,12.97,3.96,3.26,19.69,107.31,2.79,4.28,0.96,3.39,5.09,1.41,4.25,881.52
A,13.75,4.58,2.79,18.64,109.84,3.01,3.83,0.85,3.37,7.39,1.51,5.21,869.14
A,13.37,4.23,3.59,19.04,109,2.99,3.06,1.06,2.28,6.3,1.89,4.9,773.08
A,13.24,4.15,3.46,18.63,110.57,3.34,2.8,0.79,2.68,4.97,1.8,4.36,957.83
A,13.37,4.58,3.57,21.35,105.65,2.61,4.25,0.57,2.71,5.01,1.26,4.02,797.47
A,13.44,4.51,2.74,19.89,111.32,2.91,4.06,0.83,3.41,7.13,2,4.92,945.73
A,13.4,4.36,3.2,19.48,102.97,2.7,2.66,1.25,2.29,5.45,1.32,3.8,858.32
A,13.22,4.01,3.2,20.5,102.35,3.31,3.94,0.71,3.3,6.74,1.51,4.14,892.91
A,13.13,4.4,3.58,19.39,107.38,2.87,3.49,0.66,3.27,5.11,1.67,4.61,897.7
A,13.13,4.68,2.76,19.41,106.64,3.02,3.05,0.47,3.68,6.91,1.27,4.53,771.69
A,13.33,4.65,2.8,21.2,110.24,2.83,4.25,0.61,3.17,6.54,1.61,4.06,844.19
A,13.31,4.52,3.04,19.61,109.02,3.4,4.04,0.59,2.16,5.52,1.23,3.91,805.52
A,13.39,4.29,3.26,20.87,102.77,2.77,3.87,1.1,2.11,7.42,1.34,5.03,868.48
A,13.18,4.6,2.93,18.92,107.61,2.98,4.15,0.67,3.93,5.84,1.47,4.45,839.06
A,13.65,4.79,3.38,20.55,111.44,2.54,4.27,0.8,2.48,6.59,1.79,4.97,792.11
A,13.18,4.74,2.7,21.16,109.21,2.92,2.87,0.6,2.36,5.08,1.73,3.91,876.8
A,13.28,3.98,3.05,18.84,108.67,3.08,3.62,0.67,2.67,6.11,1.48,5.11,937.28
A,13.77,3.99,3.24,18.93,104.35,3.05,4.41,0.59,2.19,4.62,1.14,3.58,859.22
A,14.05,1.87,2.44,18.66,106.66,2.91,4.26,0.67,2.89,6.59,1.86,4.09,1080.19
A,14.34,2.28,2.86,18.22,103.31,3.41,4.16,0.8,2.23,5.95,1.84,5.94,1098.33
A,13.8,2.72,2.84,17.11,101.48,3.43,4.32,0.3,3.65,6.38,2.1,5.93,1208.21
A,14.15,2.76,3.24,17.93,110.34,2.67,4.16,0.65,3.63,5.28,1.75,5.43,1117.78
A,14.39,2.83,2.87,17.01,104.02,2.95,3.18,0.84,3.44,4.5,1.8,5.23,1104.65
A,14.22,2.61,2.55,18.03,101.37,3.49,4.37,0.94,3.08,5.58,1.66,5.67,1100.1
A,14.52,2.8,2.41,18.55,101.74,2.69,4.66,1.17,2.34,6.37,1.63,5.84,1207.6
A,13.77,2.38,2.84,16.62,107.41,3.2,2.91,0.46,2.82,5.42,1.63,4.43,1051.53
A,13.97,2.71,2.38,19.41,110.18,3.16,3.35,0.93,2.27,3.88,1.37,5.27,1174.56
A,13.81,2.7,2.91,17.16,110.62,3.42,3.58,0.68,2.53,3.88,1.73,5.29,1233.41
A,13.79,2.4,2.6,18.32,103.89,2.8,4.1,0.9,2.66,4.4,2.07,5.56,1119.42
A,14.54,2.17,3.14,19.37,109.55,2.71,4.59,1.24,1.84,6.78,1.95,5.69,1113.88
A,14.24,1.92,3.17,18.27,103.45,3,3.82,0.48,2.87,6.7,2.1,4.92,1153.35
A,14.36,2.15,2.75,19.56,107.35,2.83,4.09,1.08,2.81,6.4,1.33,5.22,1049.86
A,14.09,2.2,2.94,17.8,109.91,3.5,4.03,1.06,3.65,5.55,1.39,4.22,1063.82
A,14.39,2.56,2.56,18.48,104.68,3.37,3.64,0.8,3.28,4.54,1.42,5.98,1199.94
A,14.5,2.78,2.95,19.07,108.3,3.54,3.88,0.8,2.15,4.3,1.18,5.94,1145.89
A,14.56,2.01,2.51,19.58,109.83,2.65,3.9,0.43,2.62,5.67,1.45,5.15,1196.11
A,14.46,2.77,2.77,18.47,109,3.26,3.2,0.32,3.17,4.41,2.01,5.26,1125.76
A,14.44,2.35,2.51,17.86,104.13,3.09,4.05,0.45,2.37,5.59,1.5,5.28,1215.11
A,13.32,2.24,2.63,18.27,97.35,3.43,3.23,0.69,3.08,5.91,1.27,4.77,1131.98
A,13.41,2.12,3.02,19.72,101.25,3.02,3.82,1.15,3.15,6.26,1.52,5.48,1197.15
A,13.5,2.23,3.29,19.58,103.13,2.65,3.52,1.22,2.92,4.74,1.91,4.08,1211.82
A,13.24,2.2,3.47,18.09,103.72,3.22,3.67,0.59,2.82,6.92,1.34,4.52,1085.4
A,12.92,1.81,3.04,18.27,101.68,3.45,3.03,0.61,2.91,5.11,1.13,5.15,1072.54
A,13.47,1.85,2.56,18.07,98.69,3.39,4.21,0.88,1.85,5.68,1.83,5.33,1090.66
A,13.71,2.23,3.06,18.12,102.79,3.07,2.83,0.64,3.02,6.29,1.86,4.26,1112.63
A,13.33,1.87,3.17,20.11,102.53,2.65,3.35,0.32,3.16,4.03,1.43,4.17,1084.41
A,13.04,2.47,3.29,18.54,99.2,3.16,2.44,0.44,2.83,6.13,1.15,5.48,1095.69
A,13.52,2.31,3.19,20.36,97.46,2.51,3.74,1.19,3.43,4.82,1.4,4.63,1160.7
A,13.47,1.76,3.34,20.68,104.11,3.04,3.16,0.78,1.67,6.48,1.24,4.43,1141.85
A,13.4,2.56,3.32,20.02,98.14,3.25,4.35,1.06,1.9,5.22,2.06,5.2,1145.93
A,13.01,2.31,3.38,19.93,100.64,2.85,2.61,0.83,2.5,4.45,1.76,3.89,1115.62
A,13.56,2.06,3.01,18.05,98.12,3.2,4.23,0.33,2.62,4.85,1.74,4.7,1118.72
A,13.72,1.88,3.36,19.45,99.13,3.21,3.61,0.37,2.37,6.4,1.15,4.67,1121.85
A,13.32,2.41,2.9,20.04,104.96,3.13,4.08,0.55,2.04,6.51,2.07,5.07,1022.08
A,13.21,2.14,3.26,18.1,99.14,2.52,3.57,0.87,1.77,4.05,1.17,4.11,1103.44
A,13,2.57,3.02,20.34,103.44,2.98,4.01,0.77,2.66,5.78,1.13,4.96,1211.57
A,13.29,1.87,2.78,18.31,97.89,2.89,4.27,1.25,2.67,5.11,1.85,4.31,1021.43
A,12.96,2.57,2.78,20.56,103.38,3.4,2.55,0.43,2.91,6.1,1.59,4.63,1019.63
A,14.11,2.42,3.45,22.93,101.29,2.62,3.78,0.89,2.64,5.95,1.62,4.55,942.79
A,14.01,2.13,2.68,20.83,105.64,3.2,3.59,0.39,3.47,5.84,1.74,5.33,897.67
A,14.49,1.88,2.63,22.75,101.45,2.73,3.3,1,3.24,4.95,1.32,4.16,923.01
A,14.46,2.05,3.31,21.98,100.92,2.87,3.59,0.69,2.23,3.58,1.57,5.47,967.53
A,13.93,2.81,3.45,20.01,105.09,3.44,2.69,0.32,2.76,4.75,1.49,4.38,995.87
A,13.61,1.9,3.43,20.47,97.78,3.52,4.03,0.52,2.12,5.49,1.33,4.56,914.79
A,14.07,2.67,3,20.88,105.05,3.16,3.52,0.78,2.94,5.52,1.67,5.15,881.67
A,14.47,1.95,2.76,20.53,104.12,2.79,2.9,0.61,2.34,6.04,2.08,4.05,922.96
A,14.28,2.63,2.82,22.75,100.72,2.86,2.64,0.3,2.21,4.65,1.25,4.88,993.84
A,14.14,2.43,2.64,22.51,104.69,3.36,4.3,0.36,2.16,5.58,1.72,4.42,985.37
A,13.8,2.49,3.48,22.92,105.7,2.77,3.73,0.39,3.16,4.25,2.06,4.17,871.03
A,14.17,2.27,3.51,22.03,98.55,2.95,4.46,1.21,1.75,5.84,1.33,4.6,945.97
A,13.95,2.58,3.22,23,97.16,2.82,3.17,0.65,3.13,5.77,1.53,4.55,1034.34
A,14.15,2.55,3.17,21.62,105.71,2.77,3.46,0.81,1.79,6.24,1.82,4.03,881
A,13.69,1.92,3.27,21.28,103.52,2.83,4.11,0.3,1.68,4.13,1.18,4.72,890.03
A,14.11,2.31,2.69,21.07,101.6,2.92,4.43,0.83,3.58,4.36,1.55,4.76,876.6
A,14.15,2.28,3.55,20.72,97.02,2.62,3.57,1.22,1.9,5.82,1.47,4.17,862.07
A,13.77,1.87,3.56,20.54,99.99,2.59,4.5,0.4,2.32,6.03,1.33,4.92,1019.59
A,13.78,2.52,3.4,21.05,97.16,3.24,2.96,0.54,3.56,6.07,1.52,5.74,908.94
A,13.9,2.23,2.84,22.63,102.37,3.3,4.47,1.21,1.79,4.06,1.39,4.91,978.9
A,13.59,2.33,4.03,25.55,125.92,2.76,2.79,0.83,3.38,5.08,2.08,4.11,920.19
A,13.73,2.31,3.54,26.89,126.89,3.34,4.35,0.78,3.04,3.67,1.97,4.78,951.07
A,13.56,2.7,3.57,26.29,130.31,2.84,4.57,1.23,3.82,5.29,1.29,4.44,897.6
A,13.06,2.17,4.22,25.23,132.48,2.89,2.91,0.68,2.48,5.04,1.25,3.2,1019.9
A,13.16,2.07,3.96,27.47,132.34,3.63,4.13,0.94,2.86,5.46,1.35,3.75,987.18
A,13.42,2.3,4.12,27.95,130.12,3.23,4.02,0.9,2.02,4.17,1.52,4.48,833.75
A,13.1,2.38,3.3,25.84,128.18,2.8,2.98,0.94,3.74,5.85,1.36,3.88,876.57
A,13.27,2.24,3.55,27.48,126.73,2.68,4.17,0.73,2.87,4.7,1.26,4.88,850.35
A,13.15,2.88,3.43,27.56,129.9,3.05,4.66,0.66,2.69,4.55,1.74,4.74,1025.24
A,13.37,2.45,4.07,26.4,132.31,2.77,4.18,1.02,1.97,6.11,1.23,3.96,882.69
A,13.44,2.8,3.34,25.8,129.85,2.86,3.54,0.85,2.7,5.19,1.35,5.1,998.54
A,13.26,2.46,4.09,25.41,124.44,2.67,3.39,0.84,2.53,6.3,1.44,5.01,841.21
A,13.33,2.52,4.17,25.54,128.32,2.65,2.79,0.84,2.05,4.6,1.2,4.9,973.96
A,13.37,2.58,3.87,26.16,133.55,3.34,4.15,0.95,2.74,5.34,1.84,3.39,913.69
A,13.76,2.13,3.94,25.9,133.56,3.57,3.75,0.78,3.35,3.71,1.63,4.21,895.2
A,13.45,2.26,3.67,25.52,131.36,3.39,3.11,1.23,3.41,3.92,1.94,4.64,866.28
A,13.67,2.67,3.3,27.21,128.7,3,4.42,1.45,3.41,5.94,1.95,4.42,856.76
A,13.68,2.11,3.82,26.11,130.22,3.55,3.03,0.52,3.08,5.41,1.77,4.75,879.97
A,13.47,2.1,3.45,27.4,125.55,3.05,2.76,1.43,3.79,5.42,1.14,5.04,862.04
A,13.12,2.78,3.28,27.8,132.47,2.65,4.46,0.9,2.65,3.74,1.23,3.92,979.95
A,13.72,2.37,3.04,18.68,100.91,3.12,3.04,1.03,3.02,7.18,1.1,4.45,1205.67
A,13.77,2.4,3.56,17.58,100.2,3.14,4.48,1.16,3.17,4.89,0.95,5.2,1263.16
A,13.95,2.2,3.54,16.44,98.34,3.75,3.05,0.62,2.36,6.9,0.94,5.06,1367.98
A,14.24,2.04,3.52,19.09,98.29,3.26,4.07,0.69,3.44,7.53,1.36,4.17,1204.74
A,13.93,2.66,2.87,16.89,93.55,3.79,3.13,0.46,2.64,7.06,1.49,3.38,1386.14
A,13.82,2.69,3.32,17.86,101.19,3.55,4.49,0.77,2.04,7.76,1.51,3.69,1357.19
A,13.45,1.78,3.18,17.11,95.98,3.71,3.13,0.5,3.44,4.89,1.86,4.62,1217.49
A,13.57,2.29,2.98,18.92,94.94,3.47,3.21,0.78,1.48,7.05,1.52,4.97,1245.9
A,14.19,2.21,3.25,16.4,97.7,3.23,4.86,0.94,1.82,6.49,1.06,3.86,1268.44
A,13.72,2.73,3.45,17.53,96.63,3.48,3.21,0.85,2.44,5.93,0.93,4.93,1252.81
A,13.54,2.46,2.82,16.9,100.17,3,3.67,0.83,2.5,5.89,1.2,3.38,1227.41
A,14,2.72,3.58,18.55,101.54,3.61,4.03,0.86,3.03,5.98,1.39,3.62,1203.02
A,14.37,1.89,2.96,17.7,95.95,3.71,4.56,1.2,2.54,5.27,1.6,5.02,1248.92
A,14.34,1.9,2.72,18.59,97.59,3.29,4.53,0.97,3.4,7.77,1.25,5.22,1386.08
A,14.03,2.35,3.33,17.83,102.81,2.92,3.1,0.51,1.77,6.53,1.48,4.94,1275.63
A,14.23,2.41,2.71,17.97,96.08,3.85,4.81,0.98,1.8,6.65,1.55,5.17,1276.5
A,14.22,2.43,3.42,18.49,94.25,3.24,3.96,0.51,3.23,7.31,1.91,4.92,1292.01
A,14.19,1.78,3.29,16.96,102.61,3.17,3.6,0.63,2.9,6.64,1.66,4.43,1355.09
A,13.86,2.41,3.25,19.07,100.21,3.68,3.28,0.62,3.09,5.76,1.05,3.69,1333.71
A,14.11,2,2.7,18.62,93.43,3.46,4.06,0.73,3.22,6.46,1.48,3.47,1376.73
A,13.46,2.63,2.64,17.66,95.8,3.21,2.29,0.58,2.24,5.86,2.02,3.41,1290.3
A,14.27,2.55,2.53,19.32,94.16,2.47,2.79,0.38,2.88,6.53,1.03,2.9,1436.21
A,14.17,2.1,2.18,18.17,102.06,2.69,3.09,0.37,1.63,5.61,1.05,4.74,1412.47
A,13.55,2.45,2.83,17.36,102.86,2.82,2.31,0.88,2.86,5.8,1.33,3.2,1419.17
A,13.81,1.99,3,19.02,95.69,2.81,3.85,0.29,2.59,6.4,1.45,3.43,1438.29
A,14.16,2.35,2.48,18.51,102.92,3.05,3.63,0.46,3,6.22,1.24,2.92,1366.76
A,14.23,2.26,2.26,17.43,95.75,2.46,4.11,0.48,2.42,5.59,1.43,3.68,1412.04
A,13.8,2.68,2.69,17.61,102.83,2.86,3.25,0.83,1.78,6.02,1.72,4.46,1422.67
A,13.82,2.29,2.54,17.93,94.25,3.14,3.9,1.03,3.11,6.91,1.94,3.79,1371.33
A,13.89,2.66,2.33,18.53,96.19,3.19,3.43,0.92,2.81,4.49,1.38,3.43,1407.56
A,14.22,2.7,2.94,19.37,102,3.36,3.89,0.72,1.73,6.08,1.6,3.44,1432.62
A,13.95,1.76,2.74,18.52,100.51,2.97,2.64,0.86,1.69,5.83,1.81,3.22,1471.91
A,13.75,2.58,2.67,18.13,94.33,2.47,3.84,0.47,1.77,6.69,1.1,3.79,1458.59
A,13.79,2.11,3.04,18.33,97.05,2.54,2.72,0.55,2.88,5.49,1.77,3.72,1294.55
A,13.67,2.33,3.11,18.06,100.65,3.22,4.03,1.26,2.42,4.62,1.19,3.42,1391.06
A,13.78,2.63,2.19,17.36,96.77,3.14,3.69,0.73,3.24,6.15,1.67,3.66,1465.57
A,13.48,2.08,2.44,18.94,94.31,2.57,2.98,1.01,3.33,5.17,1.07,3.08,1407.02
A,14.06,1.88,2.61,18.12,99.01,3.27,3.07,0.84,1.75,6.03,1.69,3.47,1417.97
A,13.64,1.74,2.77,19.14,102.8,2.69,3.04,0.99,3,6.09,1.41,4.63,1478.93
A,13.78,2.3,2.22,17.16,96.22,3.37,3.28,0.66,2.76,5.11,1.64,4.69,1440.97
A,14.5,2.81,3.53,22.24,108.72,3.47,4.5,0.6,2.59,6.91,1.49,4.85,949.95
A,14.33,2.12,3.61,20.77,111.53,3.04,4.75,0.96,3.65,6.89,1.73,3.45,1030.91
A,14.01,2.84,3.8,19.67,114.39,3.43,3.35,0.53,3.51,6.27,2.13,3.61,1086.41
A,14.75,2.48,3.47,19.96,115.43,3.89,3.87,1.11,3,6.49,2.04,4.76,1019.65
A,14.84,2.22,2.84,21.42,108.8,3.22,4.36,0.82,3.27,6.26,1.94,5.11,1092.97
A,14.18,2.78,3.59,20.79,109.18,3.51,3.86,0.61,3.18,4.89,1.32,4.98,967.68
A,14.16,2.17,3.42,22.16,112.42,3.36,4.61,0.42,3.41,5.53,1.26,5.1,1076.1
A,14.49,2.48,3.14,20.73,108.24,3.86,3.29,0.68,2.29,5.39,1.27,3.96,954.64
A,14.29,2.03,2.85,19.49,115.49,3.15,4.25,0.92,3.64,7.12,2.15,5.3,988.49
A,14.51,2.8,3.66,21.94,109.08,3.77,3.15,1.17,3.55,5.33,1.98,3.43,1110.07
A,14.18,2.08,2.85,21.33,111.26,3,3.22,1.19,3.67,6.86,1.4,4.18,1070.27
A,14.56,2.46,2.86,21.12,113.79,3.04,4.8,0.83,1.95,5.92,1.41,4.58,1044.72
A,13.89,2.66,3.54,19.45,111.09,3.24,4.33,0.85,2.88,5.05,1.34,4.68,1067.77
A,14.32,2.45,3.1,22.07,113.84,3.56,3.91,0.5,3.25,6.23,1.3,4.78,949.46
A,14.23,1.97,3.65,21.63,111.65,3.58,4.27,0.48,2.5,4.89,1.89,4.7,1044.7
A,14.23,2.05,3.59,22.07,107.14,3.74,3.86,1.1,3.49,6.01,1.31,4.81,920.89
A,14.55,2.23,3.65,20.33,113.07,3.89,3.68,0.89,1.94,7.05,1.82,3.58,992.18
A,14.58,2.26,3.23,20.67,109.37,3.28,4.17,1.06,2.18,4.93,1.66,5.36,981.6
A,14.16,2.08,2.85,20.6,112.21,3.66,3.01,0.42,3.7,5.2,2.11,3.43,1070.48
A,14.71,2.9,2.97,19.97,114.74,3.2,4.17,0.91,3.08,5.63,1.35,4.64,1010.87
A,14.02,1.71,2.4,17.94,105.13,3.25,2.78,0.78,2.79,5.77,1.83,5.27,1101.58
A,14.48,2.05,2.77,16.75,104.94,3.63,3.78,0.85,2.08,6.15,1.39,4.75,1068.92
A,14.63,1.74,3.18,18.08,96.89,2.82,2.44,0.47,2.79,6.26,1.28,5.5,1191.19
A,14.35,2.04,2.5,17.2,98.76,3.16,3,0.61,3.31,6.51,1.32,4.93,1191.65
A,14.44,2.07,2.35,16.44,102.29,2.81,2.45,0.92,2.95,4.71,2.03,3.98,1151.41
A,14.54,1.78,2.8,16.7,104.74,3.2,3.1,0.89,3.23,5.98,1.69,4.27,1177.97
A,14.27,1.97,2.27,17.71,101.11,3.01,3.25,1.19,3.29,7.27,1.76,5.31,1204.94
A,14.94,2.39,2.68,16.27,105.68,3.11,3.41,0.5,3.38,4.99,1.74,3.59,1079.62
A,14.9,2.67,2.35,18.52,105.27,3.4,4.29,0.47,3.28,5.18,1.95,4.98,1111.81
A,14.89,2.34,2.84,17.76,105.63,3.2,3.58,1.23,2.21,7.09,1.27,5.49,1218.66
A,14.33,1.88,2.8,18.69,100.92,2.87,4.28,1.15,2.49,5.01,1.25,4.11,1216.2
A,14.52,2.04,3.06,16.56,99.6,2.67,2.54,0.46,3.4,7.55,1.23,3.99,1219.13
A,14.64,1.72,3.02,16.02,97.24,3.41,3.99,0.99,2.15,7,1.48,4.29,1207.44
A,14.17,2.27,2.94,16.79,97.37,3.57,3.87,0.55,2.42,5.32,1.91,5.36,1230.26
A,14.19,1.74,2.6,18.57,105.94,2.65,3,0.45,3.83,7.07,1.57,4.97,1064.42
A,14.58,2.26,3.13,16.32,96.65,2.92,3.72,0.41,3.77,6.36,1.16,5.24,1159.92
A,14.91,1.95,3.08,17.95,102,2.93,2.91,0.92,3.06,6.54,1.53,5.56,1124.78
A,14.87,1.88,2.59,16.53,104.56,3.13,3.4,0.72,2.4,6.23,1.77,4.74,1073.16
A,14.36,1.97,2.61,16.5,100.06,3.39,2.65,0.37,2.69,5.62,1.79,4.33,1228.64
A,14.73,1.89,2.23,17.71,105.49,3.52,2.95,0.47,3.08,6.67,2,3.68,1043.68
A,14.29,1.54,3.6,22.71,110.21,3.28,5.03,0.8,4.38,8.65,1.79,4.13,1446.76
A,14.06,2.02,2.86,24.46,101.23,3.27,4.54,0.45,3.5,6.03,2.02,3.95,1471.98
A,14.12,2.09,3.28,24.24,106.73,3.97,4.62,0.6,3.69,7,1.57,3.61,1294.64
A,14.69,2.15,3.29,25.41,101.41,3.29,3.53,0.64,3.33,8.63,1.65,4.17,1411.76
A,13.75,1.93,3.36,23.08,108.99,3.71,5.16,0.96,4.24,5.99,2.07,2.98,1337.15
A,14.1,1.82,3,23.27,108.21,3.39,3.93,1.18,4.17,8.58,1.99,3.4,1402.53
A,13.81,2.42,2.87,25.3,102.95,3.89,4.28,0.57,4.31,7.87,1.68,2.96,1369.79
A,14.57,2.24,2.78,24.03,109.13,3.89,3.39,0.56,3.53,6.74,1.44,3.26,1288.96
A,14.72,2.34,2.77,22.75,110.82,3.29,3.55,0.52,4.15,8.26,1.78,3.83,1349.59
A,14.34,2.3,2.97,24.27,106.05,3.55,3.44,0.37,2.99,6.77,1.62,3.81,1359.26
A,13.78,1.54,2.76,25.03,101.1,3.93,4.47,1,3.03,7.22,1.67,3.06,1405.89
A,14.72,2.19,3.49,23.02,104.91,3.49,3.41,0.53,2.53,6.35,2.01,3.46,1314.09
A,14.25,1.95,2.97,25.36,102.28,3.69,4.88,1.23,2.49,5.88,1.45,4.08,1303.18
A,14.21,2.48,3.5,23.73,108.9,3.71,4.87,0.86,3.66,5.86,1.72,3.9,1317.54
A,14.17,2.36,3.45,22.96,108.63,3.92,4.28,1.1,3.33,6.19,1.7,4.67,1386.3
A,14.3,1.58,3.33,23.2,105.68,3.91,3.89,1.05,4.25,7.6,1.29,3.13,1469.72
A,13.76,1.55,3.15,23.57,105.55,3.59,4.2,0.29,3.51,8.32,1.67,3,1481.48
A,14.3,2.07,2.87,23.26,106.66,3.26,4.95,0.92,3.02,8.09,1.61,4.4,1429.07
A,14.16,2.01,3.64,23.39,104.72,3.34,3.9,0.73,2.51,8.35,1.4,3.91,1306.58
A,14.09,2.04,2.85,25.13,107.68,3.94,3.44,0.59,3.12,7.73,1.96,4.46,1438.03
A,14.18,1.96,2.99,19.81,108.73,3.69,4.85,0.86,3.62,8.27,1.75,2.88,1540.24
A,13.85,2.61,2.96,20.62,111.12,3.2,3.92,0.28,3.77,8.66,1.66,3.01,1549.3
A,13.84,2.48,2.59,20.26,109.63,3.13,3.25,1.03,3.46,7.43,1.36,3.53,1518.7
A,13.98,2.37,2.5,19.75,115.08,3.11,4.39,0.89,3.7,6.94,1.55,2.93,1631.87
A,14.15,2.28,3.08,21.32,114.7,3.28,3.41,0.34,3.93,7.86,2,4.73,1639.48
A,14.37,2.19,2.92,19.14,110.95,3.13,3.93,0.59,3.58,9.55,1.27,3.71,1540.68
A,13.67,2.29,3.15,20.18,109.85,3.33,4.34,0.57,3.7,9.36,1.26,3.36,1518.79
A,14.42,1.83,2.93,19.39,106,3.63,3.6,0.48,3.72,8.52,1.62,3.27,1679.12
A,14.27,2.46,3.09,21.84,114.04,2.92,4.01,0.82,3.05,8.1,1.58,4.86,1595.68
A,13.88,2.01,2.61,20.75,113.01,3.69,3.23,0.52,3.94,8.55,1.97,3.33,1595.55
A,13.64,1.72,3.16,20.04,110.75,3.42,4.71,0.56,3.91,8.14,1.23,3.42,1519.94
A,14.11,2.5,3.13,19.13,107.37,3.83,4.67,0.9,2.96,7.61,1.76,4.65,1545.23
A,14.28,2.2,3.34,20.82,115.38,3.06,4.3,1.19,3.43,7.79,1.37,4.35,1678.53
A,14.13,2.58,2.44,21.22,115.3,2.96,3.67,0.36,3.21,8.05,1.86,3.07,1522.93
A,14.05,1.98,2.82,20.07,109.66,3.54,3.67,0.72,3.73,8.6,1.15,4.21,1540.29
A,14.03,2.16,2.5,20.24,107,3.52,3.72,1.15,2,8,1.85,4.47,1532.76
A,13.61,1.69,2.43,21.4,112.33,3.34,3.41,0.61,2.41,8.79,1.62,3.96,1550.24
A,14.3,2.52,3.22,19.21,106.34,3.04,4.62,1.12,1.96,9.84,1.86,4.61,1600.73
A,13.73,2.17,2.82,19.52,108.84,3.37,4.17,1.15,2.83,9.57,2.05,3.62,1616.71
A,13.96,1.94,3.04,19.95,114.1,3.39,3.6,0.57,3.76,8.48,1.6,4.21,1575.83
A,14.29,1.96,2.37,17.39,104.24,2.52,2.82,1.11,3.4,6.66,1.58,4.75,1130.98
A,14.39,2.06,3.2,19.21,111.83,3.42,3.56,1.19,1.97,6.42,1.55,3.29,1103.62
A,13.98,2.11,2.59,19.45,108.54,2.43,4.18,0.72,3.45,4.39,1.7,2.95,1066.44
A,13.79,1.86,2.75,18.88,108.82,2.71,3.84,0.6,3.11,6.5,1.53,4.53,1136.46
A,14.52,2.37,2.78,17.24,110.37,3.08,4.49,0.89,3.64,5.74,1.82,3.98,1117.75
A,14.64,2.09,2.58,19.77,112.31,3.02,4.18,1.14,3.09,6.18,1.91,4.85,1041.77
A,13.69,2.42,2.48,19,113.41,2.45,2.97,1.17,3.27,4.93,1.82,4.07,1093.72
A,14.37,2.04,3.1,20.2,105.02,2.44,3.54,0.48,2.02,4.41,1.73,3.88,1136.75
A,13.78,2.4,2.57,20.04,109.65,2.43,2.78,0.52,3.18,5.88,1.35,4.06,1187.16
A,14.02,2.27,3.14,18.12,104.85,3.12,3.06,0.87,3.25,4.3,1.85,3.88,1187.09
A,13.81,2.18,2.87,18.98,105.37,2.83,2.96,0.57,2.33,3.99,2.1,3.46,1044.17
A,14.41,2.76,2.82,19.18,108.44,3,3.75,0.85,3.78,4.36,1.59,4.46,1122.53
A,13.68,2.38,3.08,19.5,106.61,3.15,4.69,0.68,3.43,5.66,1.44,4.37,1059.4
A,14.29,1.88,3.2,19.87,112.73,2.91,3.15,1.3,3.15,6.01,1.48,3.44,1087.61
A,13.81,2.01,2.65,20.01,110.57,2.69,4.65,0.64,3.96,4.44,2.2,3.1,1000.54
A,14.14,2.51,2.71,17.25,113.27,2.72,3.63,1.3,2.8,6.63,1.43,3.86,1177.67
A,13.78,2.36,2.61,18.78,108.16,3.28,3.43,0.44,3.48,6,1.67,2.97,1117.7
A,14.46,2.18,2.76,18.7,106.91,3.21,3.36,0.78,3.3,5.75,1.78,2.89,1100.32
A,14.02,1.93,2.5,18.66,113.86,3.19,4.37,1.11,2.52,4.01,1.26,2.91,1132.6
A,13.83,2.68,2.57,17.6,110.23,3.39,3.07,1.21,3.28,6.16,1.81,3.88,1186.46
A,14.64,1.58,3.27,21.65,136.99,3.93,4.06,0.99,1.51,8.33,1.89,3.67,1314.99
A,14.51,2.49,2.94,20.32,134.61,3.16,3.99,0.66,3.27,8.35,1.39,3.76,1250.2
A,14.04,1.87,3.13,20.03,134.02,3.6,4.2,0.62,1.39,5.57,2.22,3.13,1277.1
A,14.43,1.89,2.77,21.25,139.71,3.84,4.64,0.99,1.53,6.76,1.43,4.2,1318.63
A,13.88,1.92,3.1,19.6,141.62,3.62,2.99,1.09,3.19,7.56,2.02,3.07,1324.68
A,13.89,1.71,3.39,20.27,134.82,3.83,3.22,1.36,3.28,5.97,2.1,4.26,1334.25
A,14.6,1.61,3.31,22.09,140.63,3.29,4.45,1.04,2.36,6.63,1.58,4.43,1292.44
A,13.86,2.17,3.29,20.87,137.01,3.68,3.27,1.04,2.91,7.41,1.49,4.22,1420.01
A,14.62,1.91,3.44,20.95,137.05,3.35,3.66,1.03,2.79,6.25,2,4.24,1326.11
A,13.79,1.74,3.59,22.28,137.09,3.62,2.95,0.98,2.02,6.51,1.96,4.62,1324.85
A,13.87,1.86,3.2,20.34,139.76,3.3,3.76,0.7,2.18,7.96,1.25,3.1,1379.86
A,14.65,2.48,3.3,21.96,136.63,3.41,3.38,1.13,1.6,7.18,1.43,4.8,1278.56
A,13.97,2.18,3.61,22.43,141.08,3.85,3.25,0.64,1.56,8.39,1.78,3.87,1274.08
A,13.87,1.69,3.66,21.56,136.84,3.7,4.68,1.11,1.56,8.39,2.18,3.61,1257.45
A,14.39,2.26,3.6,19.94,138.39,3.51,4.52,0.94,2.15,7.56,1.34,4.82,1426.25
A,14.12,1.92,3.69,21.71,140.95,3.22,4.23,1.31,1.94,8.28,1.85,4.57,1321.77
A,13.92,2.07,2.75,21.68,132.69,3.64,3.09,0.68,2.45,7.75,1.33,4.5,1300.82
A,14.56,1.75,3.46,21.09,134.31,3.08,3.36,0.62,1.38,7.13,2.23,4.14,1262.22
A,13.81,1.84,3.2,21.45,133.71,3.32,4.43,0.56,1.63,6.46,1.42,4.83,1301.34
A,14.51,1.86,3.04,21.28,138.76,3.26,4.67,1.42,1.63,7.78,2.05,4.64,1393.38
A,13.65,1.82,2.9,20.96,111.07,2.61,3.46,0.37,1.58,4.78,1.37,3.42,1261.92
A,13.79,1.94,3.31,20.63,114.33,2.44,3.58,0.78,1.73,5.79,1.28,3.45,1174.7
A,13.82,1.87,3.1,21.25,114.9,2.71,3.3,1.04,2.34,6.53,1.75,3.5,1269.41
A,14.27,2.25,2.89,19.11,113.3,2.85,4.46,0.7,2.14,5.54,1.47,3.02,1108.34
A,14.07,2.66,2.7,21,114.59,2.67,2.67,0.44,2.88,4.77,1.9,3.94,1256.28
A,13.81,2.63,3.17,20.57,119.43,2.99,3.39,0.76,3.52,6.41,1.92,4.03,1284.32
A,14.11,2.38,2.76,21.23,115.5,3.19,4.02,0.43,1.74,5.38,1.36,3.26,1264.53
A,14.33,2.25,3.48,21.07,115.07,2.58,3.44,0.36,2.41,6.66,1.41,4.75,1273.2
A,13.89,1.84,3.51,21.22,112.18,2.49,4.44,1.1,1.76,5.83,2.01,4.49,1235.56
A,13.81,2.41,2.81,19.13,110.46,2.6,3.31,0.85,2.41,7,1.99,3.05,1280.49
A,14.29,2.72,2.96,20.91,113.63,2.62,3.63,0.91,2.44,4.66,1.52,4.47,1116.77
A,14.33,2.44,3.52,20.62,112.19,2.92,3.58,0.77,1.9,5.81,1.32,4.18,1146.17
A,14.39,2.2,3.57,21.69,116.98,3.19,2.62,1.13,3.13,4.91,1.55,3.37,1109.02
A,14.39,2.77,3.08,19.28,114.19,2.71,2.98,0.93,2.71,7.08,1.86,3.83,1126.21
A,14.33,2,3.12,21.39,119.33,3.22,3.12,1.15,2.63,4.63,1.31,3.96,1195.17
A,14.17,1.96,2.87,21.38,110.78,2.83,2.65,0.62,2.81,5.35,1.22,4.25,1108.45
A,14.49,2.4,2.68,19.64,110.53,2.91,2.66,0.67,1.72,4.83,2.05,3.17,1125.54
A,14.08,2.43,3.16,19.61,114.19,2.92,3.51,0.99,1.87,6.52,1.37,3.99,1255.13
A,14.06,2.69,3.2,20.46,110.63,3.07,3.38,0.42,1.8,6.94,1.95,4.33,1242.1
A,13.69,2.78,3.42,21.28,115.85,2.89,2.7,1.02,3,7.1,2.09,4.24,1235.81
A,13.77,2.23,2.5,22.48,106.61,3.58,3.92,0.95,2.04,7.54,1.79,5.01,966.24
A,14.37,2.05,3.13,23.2,108.63,3.33,3.31,1.17,2.44,5.64,2.02,5.24,1112.85
A,13.83,2.14,3.15,22.47,107,3.2,4.29,0.62,2.4,7.38,1.87,3.89,1038.01
A,13.87,2.02,2.54,22.72,108.6,3.6,4.12,0.9,3.77,7.97,1.51,3.85,1052.69
A,13.95,1.94,2.61,21.02,106.06,3.12,4.09,0.75,3.5,5.52,1.42,3.81,1061.61
A,14.46,2.49,2.86,21.86,101.44,3.29,3.98,0.34,3.32,5.46,1.65,4.17,1040.05
A,14.28,2.16,2.51,22.96,108.43,2.78,3.03,1.24,2.89,7.86,1.91,4.35,936.94
A,13.82,2.71,2.86,22.05,106.09,3.7,3.19,0.86,3.12,6.14,1.29,4.04,1060.02
A,13.87,2.68,3.31,20.79,107.77,3.62,3.83,0.57,2.46,5.72,1.12,3.98,1087.43
A,13.8,2.74,2.78,23.35,101.73,3.31,3.7,0.74,1.93,5.8,1.83,4.5,1065.83
A,14.31,2.1,2.42,21.32,109.55,3.66,3.2,0.7,3.08,5.9,1.7,4.45,1089.22
A,13.85,2.16,2.96,22.23,106.47,3.55,4.48,0.36,2.4,7.86,1.25,3.72,1093.86
A,14.11,2.7,2.62,20.83,104.89,3.03,4.57,0.81,2.52,5.79,1.72,3.58,1116.48
A,14.43,2.26,2.92,23.46,106.64,3.36,3.16,1.12,3.07,6.13,1.29,5.08,1023.8
A,13.61,2.53,2.73,22.76,107.16,2.99,4.45,1.21,3.66,5.62,1.81,3.66,960.84
A,14.39,2.37,2.85,22.68,103.45,3.59,4.03,0.43,3.79,5.44,1.44,4.1,1102.97
A,14.12,1.96,2.73,20.8,102.89,2.84,3.46,1.2,2.87,5.15,1.89,4.95,982.04
A,13.74,2.1,2.73,22.51,105.7,3.5,3.74,0.88,3.03,6.53,2,5.47,1001.24
A,13.81,2.72,3.19,22.29,102.54,3.32,3.15,0.75,2.71,6.2,1.16,4.11,1108.3
A,14.33,2.2,2.74,21.42,101.49,3.34,4,0.29,2.23,8.04,1.39,4.07,929.4
A,13.65,1.65,2.98,15.68,115.88,2.81,4.65,0.72,1.63,6.43,1.58,3.54,1070.65
A,14.09,1.98,3.1,17.57,114.26,2.61,4.59,0.49,2.45,5.37,1.12,4.25,1016.18
A,14.28,2.07,3.07,17.11,117.74,3.59,4.64,1.04,1.38,6.6,1.55,3.03,988.69
A,13.92,2.59,3.6,16.16,116.84,3.21,3.68,0.36,2.25,5.58,1.53,3.67,1034.82
A,14.05,1.91,3.17,15.85,116.16,3.21,4.05,0.8,3.29,7.21,1.13,4.23,936.24
A,13.74,2.24,3.27,15.77,116.97,3.45,3.33,0.77,2.05,7.44,1.41,4.43,1073.19
A,13.9,2.31,3.7,18.31,113.31,3.29,3,0.63,1.8,5.03,1.96,3.77,1011.32
A,14.06,2.25,3.12,18.35,110.73,3.32,4.42,0.53,2,5.98,1.53,4.73,886.5
A,13.96,1.89,3.83,17.65,112.8,3.31,3.7,0.79,2.79,5.04,1.58,3.31,913.71
A,13.88,2.42,3.35,17.16,112.84,3.57,3.57,0.55,3.11,5.19,1.79,4.06,971.58
A,13.86,1.64,3.77,17.75,115.25,2.68,3.4,0.59,2.15,4.68,1.28,3.17,885.38
A,14.08,2.2,3.4,18.21,114.06,2.72,4.57,0.7,2.51,5.21,1.13,3.98,934.37
A,13.29,1.75,3.07,16.73,111.66,3.37,3.78,0.42,3.32,4.97,1.52,2.81,960.08
A,13.93,2.27,3.78,17.22,112.57,3.1,4.27,1.19,3.01,4.99,1.78,3.8,909.2
A,13.58,1.66,3.37,17.55,117.75,2.94,3.08,1,1.68,5.23,1.63,3.43,960.27
A,14.28,2.36,3.34,16.06,118.57,2.74,3.2,0.68,1.98,4.64,1.22,3.22,1022.75
A,14.21,2.48,3.09,15.89,118.16,3.42,4.63,0.49,2.54,6.49,1.43,3.54,1003.15
A,14.21,2.16,3.18,15.72,117.86,2.89,3.67,0.45,3.2,7.03,1.52,3.48,1013.74
A,13.66,2.44,3.14,16.81,113.05,2.93,4.27,1.08,1.58,7.51,1.74,3.54,1055.04
A,13.64,2.56,3.2,17.26,114.75,2.6,3.11,0.48,3.15,7.27,1.41,2.89,1047.41
A,13.34,1.96,2.64,18.04,98.25,3.09,3.7,0.46,3.27,5.19,1.72,2.66,1150.34
A,13.7,2.53,3.35,18.11,108,3.14,3.19,0.85,3.24,5.29,1.69,2.91,1210.56
A,13.62,2.64,3.49,19.8,106.9,2.7,4.17,0.93,1.77,5.72,1.25,4.28,1217.09
A,13.62,2.33,3.24,18.63,98.06,3.17,3.34,0.35,2.12,5.3,1.21,3.43,1301.34
A,13.61,1.79,3.23,19.7,102.34,2.76,2.53,0.77,1.64,6.91,1.4,4.4,1286.59
A,13.67,2.41,3.21,18.8,101.93,2.48,3.41,0.64,2.51,5.1,1.23,3.01,1120.07
A,13.75,2.42,3,19.8,106.96,3.28,3.08,0.87,1.72,6.11,1.96,2.51,1137.49
A,13.06,2.12,3.34,18.27,105.3,3.39,2.5,1.13,1.56,5.8,1.47,3.86,1203.81
A,13.74,1.66,2.81,19.83,106.38,2.72,3.9,1.2,2.51,6.99,1.55,3.27,1128.41
A,13.74,2.47,3.05,18.01,105.74,3.02,3.87,0.43,3.39,7.08,1.62,4.36,1264.81
A,13.83,2.03,3.4,18.86,105.05,2.69,3.88,0.41,1.58,5.65,1.45,3.6,1215.03
A,13.57,2.11,2.71,19,105.03,2.51,2.55,0.92,2.48,5.58,2.12,4.47,1133.04
A,14.01,1.94,2.77,20.55,101.81,2.56,4.35,0.93,2.61,5.17,1.75,2.62,1284.81
A,13.92,1.85,2.65,20.07,102.96,2.99,4.34,1.16,2.22,6.87,1.56,4.23,1218.34
A,14,2.06,3.1,20.48,102.93,3.36,3.36,0.47,1.56,5.95,1.67,3.68,1170.09
A,13.11,2.26,2.56,18.43,101.43,3.42,2.61,0.82,1.53,5.74,2.06,2.65,1105.56
A,13.47,2.41,2.97,20.79,99.76,2.55,4.42,0.69,1.78,5.6,1.19,2.87,1292.76
A,13.44,1.67,3.37,19.48,107.79,2.93,2.95,1.1,2.01,6.09,1.26,3.48,1277.16
A,13.23,2.09,2.57,18.35,99.08,3.05,4.18,0.69,2.5,5.03,2.07,3.45,1198.93
A,13.31,1.65,3.02,18.89,102.56,3.43,2.98,0.74,2.09,6.75,1.73,3.29,1223.21
A,13.36,1.64,2.8,17.74,107.21,2.72,3.25,0.4,2.97,3.94,1.97,3.66,1150.91
A,13.58,1.6,2.76,15.94,102.56,2.95,4.61,0.78,3.04,5.35,1.28,4.32,1165.99
A,13.79,1.61,2.52,15.53,106.35,2.85,4.12,0.3,2.3,5.06,1.36,3.01,1069.52
A,13.62,2.39,2.75,15.53,103.46,2.99,2.88,1.19,2.23,6.6,1.49,4.27,1135.9
A,13.81,1.91,2.19,17.95,106.76,3.07,3.53,0.38,2.55,3.82,1.96,2.88,1108.12
A,13.08,2.18,2.24,15.68,100.69,2.5,4.26,0.55,1.55,3.87,2.02,3.49,1030.9
A,13.21,1.8,2.36,17.79,106.51,3.1,2.93,0.34,3.08,6.24,1.91,4.41,1127.26
A,13.59,1.52,2.7,17.62,104.91,3.2,4.28,1.22,1.9,5.44,1.28,2.8,1156.45
A,13.75,2.08,2.62,16,103.77,2.67,3.56,0.39,2.55,3.87,1.95,3.52,1121.19
A,13.74,2.42,2.92,17.24,99.75,3.25,3.39,1.23,3.36,5.63,1.68,4.2,1092.16
A,13.84,2.23,3.04,15.87,102.44,2.63,4.46,1.19,1.48,4.99,1.47,3.79,1126.81
A,13.5,1.94,2.69,17.16,102.61,2.82,4.26,0.44,1.5,5.37,1.55,3.71,1102.64
A,13.8,2.27,2.99,16.61,102.81,2.6,2.64,1.12,2.2,6.16,1.43,4.62,1107.96
A,13.69,1.58,2.89,17.34,101.4,2.42,3.98,0.59,3.19,4.76,1.38,3.86,1142.93
A,13.3,2.38,2.94,17.87,98.81,2.89,4.54,0.87,2.23,4.3,1.82,2.86,1194.79
A,13.88,1.74,2.15,17.27,98.33,2.65,3.34,1.15,1.62,6.7,1.24,3.14,1070.74
A,13.21,2.05,2.49,17.22,101.73,2.75,4.15,1.1,1.87,4.8,2.11,4.25,1086.46
A,13.82,1.79,3.07,15.96,105.73,3.14,2.79,1.05,1.68,6.65,1.82,3.64,1074.37
A,13.61,2.3,2.92,17.37,107.61,3.1,3.58,1.23,2.77,5.57,1.5,4.1,1048.91
A,13.8,2.19,2.71,18.19,105.08,2.61,2.98,1,2.43,4.11,1.61,3.13,1072.89
A,14.9,4.52,2.55,16.14,129.11,3.82,4.48,0.58,2.44,6.32,1.35,4.56,882.91
A,14.33,4.19,3.14,14.86,131.6,3.49,3.73,1.03,3.17,5.8,1.04,3.98,959.35
A,15.05,4.29,2.68,14.23,131.3,3.07,4.76,0.8,3.77,7.06,1.69,4.99,887.29
A,14.77,4.29,2.98,13.91,134.08,3.79,3.14,0.39,2.65,5.3,0.9,4.3,854.6
A,14.69,4.48,3.49,15.59,137.99,3.98,4.53,0.44,2.11,6.48,0.93,5.39,772.96
A,15.21,4.56,3.05,15.09,133.03,3.16,3.4,1.03,2.98,7.02,1.25,4.22,957.87
A,14.52,4.33,2.92,13.28,132.97,3.17,4.2,0.26,3.49,6.78,1.52,5.16,898.95
A,14.54,4.78,3.49,13.48,136.13,3.29,3.67,0.73,2.77,6.93,1.25,3.77,779.05
A,14.46,4.47,2.77,15.15,136.32,3.07,3.99,0.31,2.71,7.67,1.47,4.74,773.51
A,14.39,4.86,2.72,15.34,134.78,3.48,3.68,0.62,3.89,6.35,1.13,4.24,907.73
A,14.64,4.45,2.65,15.4,128.3,3.94,4.11,0.96,3.51,6.16,1.45,3.72,924.83
A,14.34,4.29,2.8,13.54,131.51,3.16,4.01,0.52,3.15,7.81,1.47,3.62,777.51
A,14.67,4.24,2.59,14.77,134.76,3.2,3.06,0.46,3.24,6.23,1.89,4.85,843
A,14.69,4.82,2.72,15.9,128.35,3.31,3.37,0.61,3.32,7.94,1.09,3.73,850.36
A,14.68,4.41,3.35,15.11,135.18,3.19,4.01,0.45,3.23,6.35,1.57,4.69,838.11
A,14.65,4.06,2.91,13.26,132.94,3.34,3.55,1.18,2.5,6.86,1.36,4.41,896.7
A,14.6,3.99,2.95,14.85,133.53,3.61,4.94,1.11,2.28,5.78,1.02,5.51,809.84
A,14.32,4.28,3.35,13.45,130.23,3.53,4.36,0.93,3.51,6.53,0.97,3.99,832.43
A,14.96,4.9,2.73,14.37,128.41,3.71,3.05,0.43,2.98,7.37,1.78,4.09,856.3
A,15.22,4.66,3.28,13.4,128.32,3.76,3.53,1.15,3.74,6.07,1.71,4.19,924.97
A,13.61,2.06,2.47,18.54,125.34,4.02,4.68,0.5,3.39,6.29,1.66,4.69,862.64
A,14.44,1.85,3.05,17.45,123.99,3.64,4.32,1.1,3.01,7.62,1.22,4.03,876.67
A,13.94,2.26,2.94,16.56,118.57,3.55,5.03,1.1,2.93,8.05,1.61,4.42,853.84
A,14.2,1.86,2.96,16.23,124.52,3.51,4.62,0.95,3.17,7.58,1.53,5.21,902.01
A,14.19,2.42,2.98,16.65,121.39,3.87,5.19,0.49,3.02,8.26,1.84,4.1,959.53
A,13.63,1.98,3.14,16.78,121.46,3.56,5.23,0.34,3.52,6.72,1.02,5.24,920.02
A,14.41,2.06,2.8,19.2,118.85,4.01,4.34,0.53,3.3,6.65,1.11,3.43,989.75
A,14.3,2.53,2.59,18.74,126.4,3.45,4.89,0.51,3.06,8.26,0.95,4.86,845.58
A,14.37,1.92,2.41,17.8,125.97,3.77,4.77,0.9,3.05,6.4,1.64,4.91,827.42
A,14,1.93,2.65,18.61,121.09,3.56,3.73,1.21,3.6,9.13,1.76,3.6,932.77
A,13.82,2.08,2.94,18.73,124.15,4.13,3.55,1.23,3.85,8.08,1.35,3.9,905.69
A,14.3,2.56,2.51,17.03,121.87,3.77,5.14,0.74,3.02,6.88,1.92,3.56,984.75
A,14.35,2.57,2.33,18.75,126.42,3.67,5.17,1.11,3.85,8.64,1.06,4.56,801.84
A,14.39,2.19,3.15,18.49,120.18,3.25,4.8,0.75,2.61,9.09,1.5,5.19,900.53
A,14.2,1.74,2.83,17.14,119.35,3.19,3.88,0.41,3.85,6.63,1.11,4.39,854.87
A,14.2,2.36,2.56,16.41,121.99,3.28,3.73,0.98,4.16,9.02,1.55,4.48,815.65
A,13.99,2.66,2.95,16.22,125.48,3.85,5.2,1.28,3.35,7.06,1.82,4.11,946.23
A,14.56,2.66,2.58,18.53,118.32,3.2,3.6,1.13,3.02,7.83,1.1,5.01,959.4
A,14.11,1.79,3.16,18.5,118.7,4.14,3.97,1.13,3.64,6.24,1.73,5.11,831.88
A,13.93,1.82,2.96,16.35,119.08,3.42,4.5,1.09,4.06,6.22,1.06,4.33,810.39
A,14.06,4.15,2.63,21.49,90.62,3.05,4.32,1.11,3.13,6.93,1.78,4.82,1172.31
A,13.62,4.48,2.31,18.91,96.29,2.48,4.18,1.07,2.81,5.04,1.15,4.57,1230.36
A,13.66,4.09,3.09,21.49,95.72,2.67,3.06,0.63,3.04,6.42,1.72,4.22,1170.28
A,13.5,3.85,2.63,19.24,97.3,3.13,2.99,0.74,2.6,5.07,1.85,3.75,1089.73
A,13.88,4.72,2.73,21.07,92.11,2.91,4.67,1,3.06,5.52,1.02,4.71,1126.29
A,13.57,4.31,2.6,21.65,94.08,2.92,3,0.97,3.26,6.28,1.56,5,1117.16
A,14.39,4.46,2.45,20.08,92.77,2.83,4.57,0.97,1.8,6.2,0.99,4.86,1089.33
A,13.85,4.26,2.69,19.08,93.73,3.11,3.52,0.32,2.34,6.06,1.37,3.95,1221.26
A,13.94,4.57,2.46,21.67,92.8,3.35,3.95,0.36,1.96,6.48,1.06,3.11,1088.9
A,13.73,3.98,2.97,21.12,92.24,2.64,3.94,1.21,1.86,7.19,1.32,3.98,1134.92
A,13.78,4.39,2.2,21.08,95.22,2.97,3.01,0.47,3.16,6.98,1.67,3.15,1196.74
A,13.95,4.08,2.28,21.33,90.88,2.56,3.92,0.41,1.7,4.37,1.35,4.42,1182.77
A,13.84,4.23,3.1,19.91,91.01,3.39,4.29,1.04,2.52,7.22,1.76,4.75,1138.24
A,13.44,4.22,2.57,20.73,98.94,3.04,4.55,0.46,3.07,6.63,1.84,4.1,1054.57
A,13.99,3.86,2.53,20.66,90.76,2.55,3.27,1.16,2.72,6.27,1.25,3.27,1139.24
A,14.24,4.11,2.15,20.11,98.15,3.08,3.52,0.53,2.9,5.59,1.27,3.02,1054.28
A,13.53,4.47,2.34,20.23,93.73,2.52,3.47,0.88,2.03,6.47,1.07,3.58,1137.34
A,13.89,4.02,2.97,20.52,95.45,2.67,3.78,0.91,2.02,4.7,0.94,4.41,1061.13
A,14.22,4.69,2.86,19.91,91.3,3.02,2.73,0.54,3.31,4.49,1.6,4.77,1047.96
A,13.67,4.04,2.81,20.93,96.02,3.15,3.28,0.37,2.33,5.85,1.58,3.93,1051.56
A,14.16,2.77,2.72,15.3,107.79,4.03,4.79,0.69,3.54,5.79,1.02,4.82,1294.22
A,14.55,2.63,2.97,15.77,103.9,3.69,4.61,0.75,1.79,6.64,1.03,4.76,1141.42
A,14.66,2.7,3.44,17.04,108.3,3.45,3.92,0.3,2.38,6.82,0.98,3.63,1137.96
A,13.94,2.51,3.39,17.7,102.75,3.72,3.98,0.68,2.73,7.94,1.34,4.76,1096.46
A,14.29,2.53,3.2,15.55,107.94,3.65,4.58,0.37,1.7,5.5,1.37,4.57,1125.71
A,14.18,2.19,3.04,17.88,108.81,3.48,4.9,0.79,3.07,5.44,1.63,3.66,1268.87
A,14.09,1.98,2.91,15.95,105.59,3.42,3.68,0.83,2.79,5.91,1.25,5.04,1287.44
A,14.71,2.25,2.91,17.02,106.92,4.21,4.24,0.25,3.62,5.6,0.93,3.94,1113.86
A,13.92,2.37,3.14,15.87,101.37,4.03,3.88,0.21,3.53,6.07,1.76,5.34,1256.58
A,14.71,2.46,3.55,15.4,110.25,3.56,5.02,0.45,1.88,5.48,1.85,4.48,1285.26
A,14.05,2.43,2.63,16.8,101.91,3.79,5.1,1.03,2.01,8.04,1.77,4.8,1171.25
A,14.82,2.2,3.27,16.17,104.84,4.21,4.63,0.51,3.46,7.77,1.51,5.25,1284.81
A,14.43,1.98,3.28,15.08,103.02,3.5,4.84,1,3.09,8.35,1.59,4.44,1171.14
A,14.65,2.04,2.93,16.62,104.75,3.55,5.3,0.47,2.05,7.89,1.57,4.72,1124.02
A,14.27,2.55,3.32,17.9,107.32,3.64,3.63,0.34,1.74,7.05,1.49,3.75,1110.48
A,14.6,2.41,3.54,15.07,108.73,3.43,4.95,0.65,1.73,6.4,1.03,3.88,1150.49
A,14.23,2.18,3,16.2,101.24,3.58,3.65,1.08,1.74,5.57,1.67,4.04,1189.4
A,14.38,2.04,2.84,15.83,104.09,3.29,3.87,0.83,1.8,6.58,0.96,4.94,1198.92
A,14.06,2.57,2.78,17.01,102.92,3.66,4.42,0.77,2.17,7.08,1.37,5.42,1217.51
A,14.45,2.28,2.81,15.58,110.91,3.84,4.8,0.88,3.34,7.13,1.75,5.18,1112.56
A,13.27,4.78,3.01,19.97,112.84,3.08,2.66,1.12,3.48,6.2,1.58,4.02,771.01
A,13.41,4.53,3.05,19.9,105.23,2.76,4.12,0.51,3.46,5.97,1.81,3.62,832.54
A,13.74,4.51,3.14,19.79,109.37,2.78,3.62,1.13,2.01,6.78,1.4,4.42,777.76
A,13.8,4.88,2.83,19.31,108.58,2.68,2.87,0.38,3.12,5.75,1.37,4.42,816.31
A,13.49,4.06,3.21,19.9,105.26,2.76,2.86,0.75,1.81,4.59,1.72,4.69,780.26
A,13.87,4.65,3.26,18.5,110.64,3.63,4.42,0.61,1.74,6.58,0.91,3.35,835.15
A,13.34,4.48,2.93,20.18,111.63,3.58,4.21,1.17,3.38,7.05,1.13,4.47,774.66
A,13.95,4.84,2.32,19.34,111.98,3.47,4.17,0.87,2.06,4.43,1.17,3.61,841.49
A,13.41,4.8,2.97,18.27,110.34,3.49,3.42,0.49,3.65,6.95,1.59,3.34,727.76
A,14.14,4.79,2.85,20.19,104.88,2.85,4.19,0.75,2.59,5.54,0.99,3.37,716.32
A,13.71,4.97,2.62,19.91,109.21,2.97,3.44,1.21,2.13,6.62,1,4.36,768.14
A,13.43,4.32,2.93,18.31,106.13,3.45,4.38,1.24,2.56,7.15,1.36,4.62,822.85
A,13.9,4.03,2.55,19.27,111.4,3.01,2.75,0.9,2.35,5.69,1.58,3.95,745.44
A,13.92,4.88,3.17,20.34,104,3.62,4.27,0.74,2.95,5.01,1.54,4.65,696.32
A,13.46,4.14,2.86,18.8,107.66,2.85,4,0.66,2.38,4.84,1.75,4.95,816.51
A,13.34,4.68,2.72,19.39,105.72,3.49,4.37,0.37,2.7,6.78,1.68,3.29,785.19
A,14.21,4.59,3.29,19.51,112.55,3.61,3.31,1.06,3.15,4.82,1.65,4.86,730.34
A,13.25,4.08,2.91,19.38,108.82,2.94,3.96,1.28,2.81,6.33,0.99,3.91,736.84
A,13.67,4.03,3.13,18.25,110.8,3.13,4.05,1.03,3.06,6.65,0.96,5,688.52
A,13.51,4.52,3.02,17.77,108.59,3.26,3.74,0.98,2.36,7.18,1.67,3.19,685.56
A,13.07,2.15,2.4,17.95,110.56,3.7,3.48,0.48,3.99,5.17,1.21,3.85,1000.68
A,13.42,2.08,2.26,17.77,116.52,3.67,4.4,0.64,3.31,5.26,1.23,4.68,1027.84
A,13.23,1.94,3.03,18.31,112,3.08,4.25,1.23,3.1,6.09,1.11,5.07,994.7
A,13.8,2.68,3.09,17.52,110.72,3.06,3.77,0.95,2.52,5.96,1.11,4.49,969.3
A,13.92,2.3,2.92,19.56,109.89,3.56,3.66,0.77,2.44,5.35,1.23,3.84,986.97
A,13.73,2.02,2.3,18,108.1,3.12,4.89,0.93,2.08,7.07,1.23,5.34,1075.78
A,13.63,1.95,2.78,18.47,112.52,3.1,4.86,0.59,3.79,6.59,1.27,4.38,1057.21
A,13.38,1.93,2.38,18.72,107.63,3.92,3.8,1.14,2.86,6.51,1.71,5.03,911.43
A,13.57,2.06,2.21,18.62,107.52,3.97,4.01,1.07,2.23,6.37,1.56,5.33,958.21
A,13.89,2.74,2.66,18.17,108.98,3.43,3.02,0.51,3.48,6.73,1.81,5.29,1007.3
A,13.14,2.49,3,18.59,113.42,3.13,3.4,0.86,2.57,7.57,1.86,4.97,909.71
A,13.22,2.29,2.64,18.05,110.45,3.26,4.86,0.42,2.67,5.15,1,5.03,897.72
A,13.95,2.76,2.51,19.59,111.91,3.74,4.71,0.67,2.54,6.92,1.62,4.78,941.58
A,13.2,1.96,2.76,17.93,107.21,3.69,4.21,0.6,2.38,5.87,1.22,4.7,1012.99
A,13.11,2.44,2.78,19.45,108.85,3.55,4.37,1.27,3.85,5.5,1.01,4.18,888.89
A,13.19,2.43,2.98,17.74,114.43,3.15,3.57,0.64,3.98,7.45,1.71,5.26,1055.39
A,13.67,1.79,2.88,19.74,111.81,3.93,3.4,0.48,3.36,5.2,0.95,4.22,1063.78
A,13.52,2.57,2.13,18.09,115.21,3.77,4.42,1.09,3.62,6.38,1.11,4.31,971.64
A,13.18,2.13,2.62,18.32,108.36,3.12,4.17,0.52,2.17,5.12,1.28,4.25,1063.62
A,13.89,2.53,2.52,18.93,112.26,3.55,4.14,0.56,4.02,6.78,1.73,5.02,957.06
A,14.62,4.97,2.69,20.82,115.71,3.13,4,0.5,1.96,5.63,1.69,4.63,1118.09
A,14.9,4.97,3.27,20.13,118.25,3.2,3.92,1.29,3.12,7.44,1.4,3.68,1152.34
A,14.74,4.08,2.76,21.07,113.55,3.26,2.93,0.98,2.46,6.93,0.94,5.26,1168.17
A,14.38,4.3,3.29,19.56,120.41,3.79,3.2,0.7,2,6.15,0.97,3.83,1276.23
A,14.87,4.5,2.54,20.14,113.25,3.51,3.44,0.93,1.6,6.49,1.52,4.75,1177.11
A,14.23,4.93,3.26,20.51,118.58,3.66,4.13,0.7,2.16,7.55,0.93,3.95,1167.54
A,14.26,4.86,2.86,19.54,119.99,3.09,3.17,0.59,2.95,7.74,1.44,4.53,1271.45
A,14.7,4.32,2.58,21.2,114.44,3.01,4.6,0.88,3.14,6.58,1.22,3.43,1267.12
A,14.68,4.09,2.92,19.28,113.14,3.77,3.66,0.41,2.45,7.64,1.26,5.08,1098.28
A,14.85,4.74,3.34,19.36,119.73,3.2,2.88,1.14,1.4,7.45,1.73,4.38,1149.6
A,14.66,4.81,2.79,21.89,115.81,3.28,3.96,0.6,1.42,7.59,0.97,4.57,1167.19
A,14.98,4.34,2.58,20.23,111.85,2.96,3.08,1,2.01,7.67,1.74,3.87,1267.2
A,15.2,4.92,3.11,20.21,120.8,3.52,3.74,0.61,2,8.13,1.67,4.92,1093.86
A,14.41,4.47,2.68,19.6,116.61,3.53,3.56,0.3,2.12,8.04,1.03,3.91,1146.62
A,14.5,4.2,2.55,20.68,114.29,3.13,3.76,0.64,3.22,7.14,1,3.6,1143.23
A,14.52,4.99,2.76,20.7,112.83,2.88,3.82,1.18,1.37,7.62,1.06,4.07,1250.68
A,14.81,4.76,2.59,20.08,117.38,3.64,3.07,0.57,3.09,7.71,0.91,5.28,1166.53
A,14.83,4.32,2.57,19.77,114.36,3.14,4.43,0.55,1.82,7.45,1.6,4.71,1116.33
A,14.97,4.84,2.69,21.73,114.11,3.58,4.21,0.84,1.71,6.84,0.88,3.86,1098.56
A,14.26,4.3,2.74,21.22,120.92,3.18,3.89,0.66,3.08,7.38,1.41,5.13,1207.35
A,14.5,4.01,2.96,16.51,107.43,3.38,4.57,1.01,2.38,6.86,1.57,3.45,1190.06
A,14.92,3.83,3.22,16.96,105.08,3.67,3.71,0.64,3.55,5.33,1.23,3.98,1172.22
A,14.84,4,2.68,18.01,111.65,3.85,5.06,0.76,3.38,7.26,1.21,4.84,1088.79
A,14.95,4.27,3.07,17.46,106.61,4.07,4.28,0.64,3.55,5.7,1.94,4.38,1180.13
A,14.42,4.36,2.56,18.8,109.5,4.08,3.99,1.2,3.64,6.68,1.16,4.94,1076.3
A,14.78,3.67,2.91,18.91,102.6,3.8,4.05,1.21,4.07,7.29,1.72,3.83,1139.42
A,14.49,3.83,3.07,17.19,111.22,3.49,4.91,1.11,2.91,5.8,1.23,3.68,1191.67
A,14.8,4.01,2.73,16.93,108.5,3.64,4.94,0.71,2.82,4.97,1.57,4.53,1096.07
A,15.06,4.34,2.89,17.87,104.48,3.99,4.9,0.36,2.62,6,1.46,3.89,1142.82
A,14.4,3.6,3.22,16.2,103.2,3.65,4.47,0.73,2.87,6.66,1.74,4.7,1138.53
A,14.63,4.43,3.21,18.02,104.64,3.53,3.76,0.77,3.82,5.04,1.43,4.5,1256.85
A,14.4,3.78,2.94,16.01,109.96,4.04,5.05,1.02,3.59,5.62,2,4.69,1187.24
A,14.79,3.6,2.63,18.05,109.04,4.01,4.14,0.74,2.93,7.73,1.98,3.65,1213.2
A,14.81,3.75,2.75,17.3,107.37,3.87,3.6,0.77,3.85,7.59,1.64,4.65,1097.84
A,15.15,3.77,2.47,18.75,105.16,3.27,4.4,0.63,3.22,7.15,1.32,4.59,1179.29
A,15,4.07,2.53,17.91,102.79,4.18,4.38,1.09,3.92,6.95,1.57,3.55,1237.25
A,14.54,4.55,2.67,16.63,105.19,3.54,4.14,1.17,2.96,7.36,1.87,4.71,1107.74
A,14.62,3.85,2.78,16.9,105.78,3.74,4.91,0.46,2.61,5.28,2.03,4.28,1220.33
A,14.64,3.87,3.19,18.46,106.71,3.65,5.11,0.81,4.16,7.22,1.63,4.4,1168.53
A,14.67,3.87,2.48,17.47,109.36,3.7,3.88,0.62,4.06,5.59,1.9,4.6,1215.55
A,13.93,1.87,2.9,16.47,108.47,4.09,4.43,1.15,3.82,9.03,1.61,3.76,1055
A,14.57,1.83,2.88,16.06,110.8,3.28,4.21,0.56,2.48,8.32,1.09,4.42,1176.81
A,14.43,1.77,2.83,18.79,102.56,3.37,3.86,0.3,2.65,7.89,1.7,5.29,1045.77
A,14.71,2.01,2.61,18.12,102.8,3.43,4,0.77,3.41,8.36,1.09,5.16,1072.53
A,14.12,2.45,2.57,18.21,102.01,4.03,5.32,0.82,3.82,9,1.51,3.79,1142.86
A,14.61,1.72,2.71,17.89,106.76,4.1,4.45,1.17,2.44,9.09,1.5,4.75,997.09
A,14.77,2.22,2.64,17.18,108.76,4.05,4.32,0.69,2.21,8.48,1.85,4.92,1069.14
A,14.43,2.58,2.28,18.69,101.46,3.36,3.42,0.68,2.83,6.36,1.84,4.36,1066.41
A,14.41,2.41,2.64,17.7,101.76,4.09,3.78,1.08,3.26,6.33,1.66,3.38,1030.04
A,14.8,2.3,2.19,18.98,107.94,3.69,5.22,0.28,2.29,7.87,0.93,4.68,1012.7
A,14.55,1.95,2.98,17.79,104.3,3.9,3.83,0.52,3.03,8.19,1.3,3.74,1030.46
A,14.89,1.77,2.28,18.13,107.29,3.29,4.3,0.77,3.33,7.97,0.92,3.93,1058.06
A,14.4,1.85,2.28,16.29,109.63,3.29,5.34,0.44,3.02,8.3,1.44,4.97,1087.34
A,13.99,1.8,2.85,18.56,110.08,3.99,4.76,0.22,3.2,7.92,0.95,5.3,1127.47
A,14.31,2.45,2.71,18.32,102.39,3.85,4.23,0.93,2.27,9.02,1.08,3.46,1020.55
A,14.68,1.84,2.85,18.76,107.73,3.39,5.23,0.59,2.29,8.45,1.45,4.69,1063.69
A,14.55,2.27,2.25,17.53,108.37,3.27,4.96,0.86,2.56,7.57,1.61,4.17,1010.98
A,14.83,2.32,2.48,17.5,109.42,4.09,3.41,1.07,2.35,7.42,1.4,3.37,1062.8
A,14.16,2.53,2.54,18.32,110.74,3.95,5.37,1.05,3.53,9.1,1.19,4.66,1032.09
A,14.33,2.1,2.39,18.35,104.07,4.06,4.3,0.51,2.86,8.22,1.7,4.05,1107.82
A,14.26,2.2,2.62,19.76,109.01,3.43,4.46,0.81,3.26,7.41,1.97,4.05,1228.69
A,14.75,2.68,2.68,20.66,105.13,3.36,3.23,0.86,2.77,8.11,2.06,3.6,1067.18
A,15.07,3,2.67,20.41,109.44,3.42,3.57,0.51,3.69,8.94,1.51,3.36,1090.18
A,14.75,2.94,3.28,21.39,112.56,2.96,4,0.75,3.77,8.87,1.58,4.66,1225.8
A,15.02,2.11,2.94,20.5,112.26,2.88,4.5,0.76,2.46,8.3,1.55,4.06,1118.88
A,14.76,2.35,2.61,19.99,104.13,3.01,3.93,1,3.95,7.59,1.78,4.17,1207.35
A,14.68,2.39,3.2,20.33,112.69,2.82,3.03,1.09,3.79,6.36,1.26,3.52,1237.39
A,14.39,2.7,3.08,19.5,111.68,2.8,4.78,0.71,3.32,8.5,1.31,3.92,1254.93
A,14.26,2.54,2.61,19.83,109.1,3.04,4.7,0.98,3.67,7.66,1.89,2.88,1095.38
A,14.75,2.27,2.78,20.77,111.53,3.39,2.99,0.82,3.85,8.04,1.08,2.98,1176.67
A,14.19,2.03,3.02,19.22,108.43,3.63,4.47,0.99,3.9,7.58,1.39,3.62,1170.84
A,14.76,2.22,3.08,19.53,109.45,3.65,3.56,1.22,4.1,8.9,1.83,3.15,1124.76
A,14.29,2.51,3.36,20.57,103.93,3.39,3.84,1.22,4.1,7.24,1.58,3.33,1234.08
A,15,2.4,2.47,20,108.31,2.92,4.9,0.97,4.37,8.57,1.32,4.59,1259.88
A,14.42,3.01,2.72,19.3,111.31,2.81,4.74,1.16,2.86,7.55,1.09,3.61,1104.41
A,15.02,2.56,2.71,19.06,108.81,3.2,4.34,0.66,4.35,8.7,1.97,3.21,1180.56
A,14.67,2.14,2.71,19.03,104.86,3.48,3.35,1.04,4.24,7.41,1.59,4.68,1091.94
A,14.57,2.64,2.61,19.71,111.53,3.5,4.68,0.89,4.11,7,1.38,3.05,1165.18
A,14.5,2.34,2.41,19.38,103.27,3.23,3.83,0.91,3.99,7.4,1.51,4.02,1083.02
A,14.67,2.99,3.38,21.01,112.97,3.07,3.64,0.72,2.79,7.79,1.09,3.73,1250.84
A,14.57,2.02,2.41,17.95,110.79,3.18,5.11,0.45,3.61,10.08,1.27,3.12,1454.03
A,14.45,1.98,3.16,19.55,115.05,3.83,3.62,0.97,2.33,10.54,1.49,3.33,1368.62
A,14.52,2.63,3.08,19.39,108.12,3.82,4.54,0.86,3.05,9.1,1.78,3.99,1404.85
A,14.89,1.88,2.3,17.93,114.67,3.64,4.86,0.57,2.69,10.64,2.06,4.3,1423.31
A,14.52,2.27,2.29,18.01,117.98,3.17,3.92,0.49,2.9,10.2,1.13,3.93,1320.17
A,14.36,2.3,2.67,18.6,117.54,3.54,3.63,0.61,3.45,9.69,1.63,3.97,1340.11
A,14.05,1.99,3.04,19.67,108.27,3.31,5.09,1.25,4.06,11.36,1.89,3.43,1459.57
A,14.2,1.87,2.41,18.02,109.55,3.83,5.03,0.46,3.73,11.83,1.89,4.22,1412.62
A,14.06,2.22,2.63,18.33,110.37,3.49,4.31,1.06,2.8,10.46,1.35,3.23,1443.68
A,14.54,1.73,2.77,17.87,112,2.91,5.34,0.59,2.31,10.32,1.72,4.84,1260.09
A,14.82,2.38,2.8,19.07,110.86,3.73,4.49,0.68,4.01,11.12,1.39,4.33,1330.32
A,14.05,2.52,2.56,17.81,111.99,3.1,3.96,0.34,3.67,9.89,1.49,3.39,1308.72
A,13.96,1.94,3.21,18.57,115.66,3.38,3.82,0.49,2.66,10.17,1.52,4.31,1457.91
A,14.08,1.77,2.69,19.46,112.4,3.13,4.89,0.82,2.91,11.07,1.41,4.76,1289.26
A,14.77,2.62,2.51,19.42,115.2,3.8,4.95,0.34,2.37,10.39,1.22,3.58,1413.86
A,14.23,2.54,2.45,18.1,108.08,3.17,5.39,1.28,2.18,9.33,1.72,3.31,1361.21
A,14.47,2.62,3.26,18.31,113.68,3.81,5.52,0.79,2.87,11.6,2.11,4.53,1321.78
A,14.53,2.21,3.02,17.63,116.22,3.73,5.44,0.62,2.75,9.92,1.28,4.58,1452.5
A,14.64,2.27,2.82,19.07,117.54,3.29,3.99,1.14,2.27,10.45,1.28,3.32,1292.51
A,14.3,2.15,2.84,18.99,114.67,3.66,4.21,0.35,2.94,11.3,2.01,3.26,1389.38
A,14.02,1.87,2.11,14.25,96.29,3.28,3.66,0.2,3.96,8.08,1.79,3.6,1186.92
A,13.61,1.97,2.36,14.86,97.44,3.39,5.02,0.32,4.1,7.36,1.19,4.33,1266.12
A,13.13,1.77,2.33,14.04,95.67,2.96,4.61,0.32,3.01,7.84,1.88,4.53,1315.77
A,13.74,2.13,2.66,14.28,97.57,3.38,3.52,0.58,4.27,10.09,1.88,3,1191.04
A,13.33,2.19,2.42,13.15,97.38,3.46,3.63,0.55,3.76,8.62,1.45,2.96,1210.07
A,13.87,2.13,2.61,13.5,101.34,3.11,4.54,0.34,4.85,9.41,2.08,4.82,1292.47
A,14.04,2.04,2.46,12.47,100.84,3.23,3.58,0.75,3.55,8.23,1.21,4.5,1159.12
A,13.56,2.51,2.71,13.09,101.55,3.66,4.04,0.45,4.61,9.95,1.53,4.22,1332.92
A,13.88,2.58,2.68,12.77,93.25,2.79,3.89,1.17,4.75,9.11,1.27,3.79,1195.37
A,13.56,2.06,2.82,13.86,92.21,2.97,4.76,0.55,3.87,10.02,1.48,4.18,1232.96
A,13.67,1.93,2.81,15.34,94.58,2.8,4.06,0.72,4.06,7.4,1.64,4.06,1208.89
A,13.47,2.02,2.87,13.81,100.37,2.74,3.48,1.06,3.64,9,1.57,4.61,1222.15
A,13.79,2.48,2.05,13.07,96.81,3.69,4.97,0.19,4.13,9.63,1.73,4.36,1284.22
A,13.32,1.8,2.45,12.77,98.4,2.78,5,0.93,4.58,7.5,1.28,3.91,1242.44
A,13.43,1.79,2.29,15.03,100.41,2.75,4.12,0.32,4.29,10.03,1.56,3.68,1246.36
A,13.33,2.63,2.2,14.24,93.65,2.87,5.23,0.61,3.38,7.41,1.39,4.74,1241.66
A,13.49,2.14,2.64,14.05,97.66,3.12,3.5,0.57,3.94,8.68,1.91,4.18,1163.04
A,13.14,1.78,2.3,12.71,98.07,3.37,4.38,0.81,3.95,9.09,1.48,4.83,1245.79
A,13.65,2.01,2.89,14.56,93.24,3.43,4.93,1.16,3.42,8.37,1.41,3.68,1243.74
A,13.58,2.25,2.35,15.19,98,3.32,5.27,1,3.02,8.05,1.28,4.16,1261.47
A,14.64,2.33,2.8,18.73,103.61,2.66,4.74,0.64,3.86,7.36,1.38,5.12,1346.62
A,13.93,2.08,3.28,18.3,97.96,3.43,3.17,0.42,3.71,8.56,1.85,5.18,1311.82
A,14.62,2.04,2.85,17.59,95.62,3.2,3.79,0.64,4.21,6.48,1.28,4.18,1453.16
A,14.22,2.34,3.41,19.17,97.05,3.31,4.09,0.69,2.37,8.23,1.86,4.77,1307.45
A,14.74,2.15,3.5,17.79,96.73,3.17,3.22,0.74,3.69,8.5,1.4,4.66,1459.96
A,14.83,1.92,2.62,17.98,100.73,3.35,3.27,0.31,2.57,6.95,1.91,4.68,1282.19
A,14.58,2.48,3.35,18.17,100.76,3.26,4.75,1.01,2.51,7.5,1.81,5.31,1289.13
A,14.31,1.69,2.94,18.98,103.64,2.47,3.08,0.92,2.81,5.65,1.95,4.92,1299.16
A,14.6,2.11,3.43,19.54,95.66,3.31,3.12,0.58,3.29,8.44,1.6,4.09,1398.31
A,13.96,2.42,2.86,17.34,99.53,2.95,3.12,0.59,2.4,8.48,1.45,4.59,1386.66
A,14.72,2.26,2.66,18.46,97.25,2.81,3.21,0.79,2.99,8.3,1.97,3.62,1358.14
A,14.76,2.01,2.67,19.2,99.76,2.58,3.77,0.56,4.16,7.17,1.86,4.36,1427.23
A,14,1.92,2.72,18.46,99.7,3.04,4.71,0.78,3.22,6.74,1.79,3.46,1277.18
A,13.94,2.15,3.37,18.93,95.27,2.61,3.87,0.77,3.93,7.35,2.08,3.79,1433.71
A,14.09,1.73,2.67,18.05,98.78,2.71,3.92,1.2,3.95,6.45,2.21,4.41,1430.82
A,14.37,2.33,3.53,19.06,96.63,2.52,4.81,1.08,2.74,8.04,1.9,4.66,1326.94
A,14.19,1.91,2.78,19.04,94.76,2.7,3.7,0.23,3.87,8.33,2.24,4.75,1406.46
A,14.4,2.01,3.1,19.27,102.76,2.48,4.24,1.12,3.43,7.55,1.4,3.66,1284.49
A,14.41,1.65,2.95,17.21,97.84,2.61,4.27,0.65,2.5,7.39,1.94,4.55,1425.92
A,14.14,1.69,3.3,20.1,101.42,3.04,3.12,1.07,3.64,5.66,1.92,3.85,1395.86
A,14.02,2.68,3.02,15.73,119.33,4.32,5.57,1.23,2.05,8.94,1.38,4.45,1286.52
A,14.08,1.84,2.95,16.88,117.59,4.27,3.78,0.47,2.48,9.24,1.68,4.06,1305.4
A,14.75,1.93,2.99,16.47,118.73,4.42,4.89,0.48,3.19,8.49,1.59,5.05,1268.95
A,14.57,1.86,3.3,16.23,113.88,4.23,4.79,0.56,3.51,8.83,1.06,4.11,1363.69
A,14.6,2.02,3.22,14.21,112.77,4.22,3.87,1.22,2.37,9.71,1.2,4.04,1250.45
A,14.08,2.38,3.37,14.84,112.12,4.08,4.16,1.3,2.17,7.83,1.75,5.18,1360.53
A,14.11,2.03,2.47,14.06,114.13,3.9,4.29,0.47,2.53,7.75,1.94,3.72,1380.92
A,14.02,2.31,3.33,14.91,119.19,4.57,5.53,0.66,2.38,9.11,1.03,4.42,1246.75
A,14.1,2.27,2.65,16.64,112.99,4.68,4.9,0.55,2.04,8.02,1.18,4.83,1284.56
A,13.93,2.15,3.25,16.33,120.46,3.92,3.87,0.75,3.43,7.63,1.17,5.03,1251.55
A,14.2,2.09,2.9,14.22,118.14,4.86,4.16,0.95,3.25,8.54,1.68,3.33,1262.27
A,14.54,2.51,3.38,16.2,117.98,4.13,5.35,0.93,2.92,9.11,1.8,4.6,1298.81
A,13.96,2.08,3,14.5,115.16,4.59,5.39,1.12,1.89,9.13,1.89,5.16,1245.13
A,14.81,2.42,2.74,16.14,112.1,4.63,4.07,1.26,3.02,8.68,1.64,4.64,1350.59
A,14.51,1.83,3.25,14.8,115.34,4.18,5.01,0.53,2.39,10.04,1.97,4.51,1242.81
A,14.79,2.44,2.99,15.9,116.29,4.62,4.78,1.14,3.21,7.33,1.3,4.84,1304.14
A,14.34,1.84,2.68,14.88,117.43,4.39,4.65,1.07,3.48,9.46,1.83,3.56,1200.94
A,14.31,2.37,3.08,15.57,118.51,4.73,5.72,1.17,3.27,7.9,1.17,4.07,1290.69
A,14.18,2.18,3.11,15.57,113.9,4.49,4.23,1.23,2.04,8.02,1.65,3.42,1331.37
A,13.82,1.78,3.32,14.98,111.73,4.16,5,0.54,3.63,7.68,1.58,3.27,1302.4
A,13.82,2.56,3.32,18.11,123.68,3.71,4.46,0.41,1.73,8.3,1.27,3.5,1547.92
A,14.29,2.7,3.67,19.61,118.58,3.85,2.84,1.25,2.25,6.69,2.11,3.76,1380.58
A,14.15,2.02,3.31,18.59,124.38,3.4,3.86,0.46,3.01,6.86,1.3,4.23,1482.95
A,14.51,2.45,3.06,19.8,121.09,3.38,4.06,1.21,1.81,7.48,1.29,4.56,1380.27
A,13.87,2.72,3.2,17.66,116.58,3.28,3.22,1.05,2.7,6.73,1.92,3.84,1399.84
A,14.73,2.83,3.19,19.21,122.87,3.9,3.3,1.02,2.33,8.35,2.01,3.17,1389.31
A,14.35,2.45,3.59,17.48,121.71,3.71,4.7,1.14,3.31,7.06,2.12,4.82,1405.86
A,14.53,2.51,2.76,17.99,122.68,3.44,4.75,1.23,3.02,7.95,1.62,3.32,1379.99
A,14.02,2,3.23,19.07,119.82,3.83,4.78,0.66,2.02,6.89,1.34,3.21,1500.88
A,14.23,2.27,3.43,19.01,123.71,3.09,4.33,0.57,2.02,8.6,2.13,4.67,1422.23
A,14.4,2.49,2.86,19.4,120.87,3.47,2.92,0.82,2.69,6.89,2.11,3.25,1563.33
A,14.55,2.38,2.85,18.96,124.67,3.32,4.3,1.26,2.51,8.53,1.47,3.59,1450.26
A,13.89,2.65,3,18.1,119.79,3.53,2.97,0.55,3.53,6.86,1.28,3.18,1477.03
A,13.83,2.31,3.55,17.62,124.63,3.3,3.96,0.43,2.53,9,1.67,4.03,1540.72
A,14.06,2.51,3.46,18.86,124.88,3.54,4.72,0.99,3.49,6.45,1.99,3.26,1399.37
A,13.79,2.72,2.85,18.97,115.67,3.67,3.58,1.37,2.2,6.77,1.41,4.31,1540.47
A,14.52,2.58,3,19.31,123.96,3.17,3.45,1.29,3.35,7.61,1.18,3.34,1451.1
A,13.9,1.99,3.03,17.83,123.61,3.76,4.38,0.49,2.26,6.77,1.36,4.72,1471.52
A,14.51,2.63,3.32,17.93,119.58,3.23,2.82,1.08,2.52,9.05,2.03,3.16,1507.14
A,14.1,2.64,2.95,18.67,120.14,3.52,3.24,1.18,2.11,8.47,1.63,4.44,1505.01
A,14.24,2.57,2.47,16.45,119.86,3.19,4.35,0.7,3.35,6.65,1.15,5.11,1163.33
A,14.46,2.15,3.25,16.98,120.1,3.24,3.39,0.44,3.44,5.9,1.44,5,1067.55
A,14.02,2.14,2.74,18.91,119.74,3.31,4.34,0.23,3.48,8.78,1.21,3.88,1093.07
A,14.64,2.47,2.86,19.38,127.38,2.69,3.89,1.1,3.25,6.26,1.06,3.95,1127.3
A,14.74,1.82,2.96,16.85,122.57,3.34,4.68,1.17,2.57,7.73,1.11,3.93,1218.44
A,14.5,1.81,2.99,18.39,126.73,2.85,3.64,0.74,2.94,6.05,1.43,3.74,1226.95
A,14.06,2.07,2.64,18.02,126.21,3.29,4.62,0.31,3.58,7.06,1.22,3.59,1098.57
A,13.88,2.24,2.84,17.31,121.19,2.92,4.34,1.13,2.4,8.49,1.16,4.94,1215.66
A,14.36,1.85,2.36,18.68,126.97,2.85,4.75,0.44,3.04,5.88,1.76,3.65,1119.99
A,14.54,1.87,2.61,16.5,127.03,3.59,3.13,1.19,2.95,7.37,1.22,3.5,1162.51
A,14.71,2.19,2.64,17.62,120.35,2.8,4.11,0.35,3.01,6.56,1.08,4.43,1084.79
A,14.15,2.29,2.84,16.47,124,3.04,4.75,0.24,3.62,8.52,1.86,4.95,1108.16
A,14.29,2.29,2.34,16.89,123.25,3.29,4.77,0.38,3.02,7.42,1.54,3.93,1098.07
A,14.54,2.66,2.46,17.61,121.64,2.62,3.67,0.76,1.69,6.51,1.32,3.7,1140.6
A,14.41,2.63,2.88,17.39,126.64,3.43,3.26,1.19,2.86,7.72,1.37,5,1196.22
A,14.52,2.06,2.38,16.59,118.11,3.24,3.61,0.76,2.56,7.06,1.42,4.78,1238.55
A,14.37,1.96,2.98,18.75,120.33,3.1,4.71,0.36,1.86,7.36,1.52,4.32,1219.92
A,14.61,2.48,2.67,18.01,120.38,2.68,4.07,0.32,3.04,6.22,1.66,4.13,1122.53
A,14.02,2.38,3.15,19.02,121.21,3.27,4.53,0.61,2.93,6.98,1.79,4.6,1080.97
A,13.81,1.75,3.02,19.34,120.48,2.77,3.85,0.56,2.67,6.08,1.92,3.6,1110.97
A,14.53,2.13,3.4,22.58,124.25,3.47,4.27,0.57,3.95,8.62,1.16,4.51,1267.35
A,14.04,2.47,2.65,22.65,117.75,3.91,3.55,1.16,3.82,6.95,1.1,3.54,1255.17
A,14.13,1.94,3.41,22.58,124.66,3.72,3.06,0.85,4.24,6.92,1.53,3.94,1198.42
A,13.97,2.09,3.33,22.11,119.98,3.84,4.71,0.74,2.68,7.88,1.61,5.02,1152.82
A,13.66,2.52,3.01,21.53,124.23,3.46,3.43,0.84,2.91,7.5,1.18,3.23,1302.32
A,13.61,2.06,3.17,21.37,122.99,3.71,4.38,0.42,2.76,6.71,1.08,3.08,1176.81
A,14.2,2.52,2.57,23.1,121.71,3.49,3.5,0.36,3.07,7.56,1.24,4.18,1218.56
A,14.12,2.53,2.46,21.26,124.3,3.46,2.92,0.41,2.56,7.17,1.04,4.05,1132.4
A,13.79,2.59,3.19,23.14,116.48,3.16,3.53,1.08,3.23,7.32,1.69,4.01,1206.94
A,13.91,1.77,3.17,23.31,118.59,3.85,4.49,1.1,3.32,7.87,1.21,4.81,1161.55
A,14.27,2.26,2.65,22.63,123.2,3.36,4.6,0.9,3.92,6.56,1.13,3.89,1290.83
A,13.99,2.39,3.3,22.4,118.27,3.6,3.77,0.64,3.73,7.13,1.06,4.22,1316.75
A,13.82,2.07,2.65,23.47,120.65,3.6,4.56,0.54,3.34,9.16,1.09,4.6,1180.19
A,13.62,2.7,3.06,22.63,125.04,3.42,4.43,0.25,2.92,7.25,1.52,4.26,1137.5
A,14.02,2.51,3.11,21.95,117.18,3.26,4.57,0.82,3.61,9.1,1.56,4.41,1289.87
A,14.16,2.14,3.31,23.25,116.89,3.44,3.38,0.58,3.12,6.76,1.15,4.45,1301.85
A,14.12,2.63,2.63,21.62,122.97,3.46,4.39,1.05,2.68,7.72,1.65,4.98,1272.71
A,14.31,1.74,3.21,21.94,124.69,3,3.2,0.78,3.51,7.75,1.76,4.7,1185.63
A,14.25,2.33,2.48,23.24,124.4,3.08,4.06,0.28,4.22,8.01,1.69,4.41,1292.57
A,13.58,2.17,3.16,20.67,120.33,3.16,4.6,0.64,4.15,6.69,1.36,3.29,1295.48
A,14.7,2.58,3.11,16.42,118.76,3.58,4.5,0.89,2.84,8.65,1.63,4.76,1071.89
A,14.38,2.13,2.67,16.4,119.47,3.25,4.4,0.39,2.26,7.53,1.84,4.64,1110.68
A,14.93,2.01,2.57,18.74,126.26,4.11,3.52,0.46,3.77,8.48,1.84,3.81,995.62
A,15.17,2.48,2.64,16.75,126.71,3.33,3.36,0.43,2.33,6.95,1.2,4.03,1069.04
A,14.78,1.79,3.04,18.33,124.28,3.55,3.46,0.94,2.29,9.28,1.09,4.5,1154.88
A,14.88,1.77,2.31,16.97,123.67,3.21,3.66,1,3.69,8.74,1.03,3.62,1148.68
A,15.15,2.2,3.27,16.43,124.27,3.25,4.02,0.76,3.81,8.04,1.21,3.87,995.92
A,15.16,2.2,3.19,18.72,126.86,3.26,3.11,0.39,2.39,7.06,1.64,3.87,1064.29
A,14.41,2.64,2.9,18.87,126.44,4.05,3.88,0.44,2.97,7.11,1.67,4.11,1040.66
A,15.17,2.24,3.21,18.05,118.19,3.94,3.36,0.37,3.68,7.13,1.7,4.51,1008.28
A,15.01,2.02,2.65,16.99,125.81,3.5,4.31,0.69,3.8,7.08,1.87,5.3,1023.06
A,14.36,1.75,2.95,19.03,127.08,3.48,3.16,1.22,3.82,7.82,1.23,4.01,1151.1
A,14.64,2.55,2.85,17.53,124.14,3.68,3.37,0.74,2.15,6.76,1.36,3.88,1141.37
A,14.97,2.24,3.19,16.68,127.06,3.34,3.78,0.31,3.35,7.44,1.88,3.34,1058.85
A,14.56,1.98,2.75,17.12,119.43,3.77,3.35,1.04,4,7.13,0.95,4.63,1160.39
A,14.73,2.65,2.97,16.43,125.86,3.3,4.7,0.6,3.85,7.89,1.19,3.93,1125.76
A,14.99,2.27,3.07,19.26,121.29,3.87,4.86,1.13,2.29,6.49,1.5,3.34,1124.01
A,14.85,2.5,2.42,18.9,125.84,3.9,4.45,0.61,3.9,7.65,1.88,4.66,1160.42
A,14.58,1.75,3.22,18.3,126.01,3.73,3.67,0.83,3.7,8.64,1.14,5.1,988.86
A,14.26,2.24,3.24,18.67,123.38,3.8,4.83,0.34,2.19,7.38,1.86,3.35,983.1
A,13.76,1.97,2.97,18.32,103.73,3.67,3.37,1.06,2.37,6.92,1.91,3.4,1272.56
A,13.42,2,2.96,18.44,108.77,3.09,4.02,1.28,1.79,6.81,1.45,2.98,1272.82
A,13.56,1.99,3.53,18.38,108.96,3.57,4.27,0.99,2.99,8.39,1.62,4.23,1353.61
A,14.17,2.31,3.65,18.99,111.86,3.93,4.82,0.93,2.07,8.22,1.83,3.56,1349.15
A,14.04,2.26,3.13,18.88,110.1,3.23,4.99,1.12,3.56,6.37,1.55,4.08,1344.2
A,14.01,2.86,2.82,19.23,104.59,3.68,3.57,0.78,2.3,8.07,1.51,3.86,1336.38
A,13.71,2.48,2.8,17.18,108.95,3.48,3.77,0.35,3.39,8.24,1.69,4.74,1371.83
A,13.83,2.25,3.2,17.59,109.13,3.25,3.69,0.42,2.62,8.14,1.91,3.74,1444.84
A,13.92,2.65,3.63,19.39,106.64,3.6,3.53,1.17,3.35,8.77,2.04,4.2,1430.98
A,14.28,2.55,2.83,17.27,111.2,3.59,4.51,1.05,3.59,7.17,1.5,3.04,1377.04
A,14.21,2.63,3.34,19.23,108.46,3.57,5.22,1.23,2.01,6,1.96,4.1,1308.34
A,13.6,2.21,3.18,19.78,107.18,3.82,3.97,1.3,1.82,7.43,1.61,4.34,1281.47
A,13.63,2.52,3.24,18.36,110.6,3.9,3.51,0.43,2.47,6.82,1.51,2.86,1400.29
A,13.9,2.62,2.98,17.01,102.46,3.65,4.84,1.09,3.39,6.14,1.79,3.16,1302.94
A,13.42,2.75,3,17.77,106.33,3.67,3.99,0.83,3.32,8.86,1.15,3.35,1287.56
A,14,2.01,2.73,18.62,103.22,3.51,3.35,0.42,2.59,6.8,1.11,4.44,1462.4
A,13.97,2.58,3.28,19.49,105.81,3.4,5.07,0.44,3.32,7.48,1.81,3.07,1343.48
A,13.65,2.74,3.3,17.99,111.47,3.95,5.09,0.41,2.03,7.79,1.83,3.9,1408.42
A,13.32,2.57,3.02,19.77,104.38,3.34,5.11,1.18,1.82,7.46,1.62,3.32,1397.87
A,13.85,2.34,3.64,19.49,106.59,3.72,4.62,0.85,2.41,8.27,1.34,3.5,1446.75
A,14.16,1.73,3.06,18.48,113.99,3.76,5.15,0.64,2.1,7.23,1.22,3,1481.72
A,14.66,2.1,3.37,18.79,115.5,4.13,4.57,0.97,3.07,7.01,1.72,4,1305.33
A,14.51,2.14,3.25,18.22,109.46,4.19,5.11,0.21,3.42,9.14,1.4,4.18,1429.52
A,13.82,2.35,2.67,19.28,115.17,3.98,4.28,0.67,2.4,7.33,1.6,4.3,1318.13
A,13.88,2.42,3.47,18.98,108.96,4.03,5.35,1.01,3.31,9.54,1.51,3.39,1392.46
A,14.06,1.64,2.82,18.44,108.85,3.64,4.97,0.81,2.41,8.14,1.21,3.12,1470.4
A,14.34,2.02,2.51,19.16,112.27,3.43,4.48,0.67,3.94,7.26,1.67,3.13,1483.23
A,14.22,1.93,3.42,17.12,112.85,4.19,5.49,0.25,2.63,8.86,1.21,2.92,1378.54
A,14.14,1.63,3.49,18.6,109.57,3.84,4.08,0.25,2.76,8.7,1.16,4.58,1376.56
A,13.87,1.94,2.83,17.84,109.89,4.1,5.1,0.46,2.87,7.57,1.5,3.01,1417.51
A,13.85,2.01,3.1,18.67,114.68,3.5,4.07,1.08,3.98,7.05,1.5,4.28,1328.26
A,14.29,2.18,3.41,17.9,115.34,3.6,5.36,1.07,2.12,6.88,1.18,3.26,1383.61
A,13.92,1.98,3.18,17.97,117.62,3.56,3.77,1.14,2.76,9.13,1.03,3.98,1349.8
A,14.12,1.46,2.74,17.07,113.94,4.09,4.34,0.72,3.63,7.97,1.15,4.5,1338.3
A,14.4,2.25,2.64,16.98,115.21,3.9,5.03,0.27,2.72,9.79,1.54,4.53,1363.5
A,13.88,1.46,3.39,18.73,112.47,4.27,3.96,0.98,2.56,8.28,1.76,4.56,1469.71
A,14.04,1.64,2.62,16.87,112.31,3.5,5.64,0.35,3.52,7.6,1.63,3.47,1469.42
A,14.17,1.55,3.02,18.63,114.7,3.74,3.83,1.04,2.86,9.24,1.72,3.46,1434.02
A,13.89,2.1,2.6,18.21,108.38,4.27,3.88,1.02,3.96,7.58,0.9,4.04,1326.01
A,13.89,2.17,2.6,18.81,110.88,4.38,3.88,1.02,2.39,8.81,0.91,4.58,1385.8
B,12.83,1.16,2.14,12.31,89.5,2.41,1.65,0.68,0.86,2.21,1.44,2.11,523.39
B,13.13,1.29,1.95,12.83,88.88,2.09,2.14,0.52,0.6,2.68,1.94,1.92,690.67
B,13.29,1.81,2.03,12.14,97.68,2.57,1.26,0.94,0.8,2.46,1.88,2.87,718.02
B,12.86,1.65,1.71,11.77,88.72,2.18,1.6,0.41,1.01,4.36,1.88,3.16,582.12
B,12.8,1.63,2.07,13.04,88.55,2.78,0.97,0.93,1.65,4.58,1.86,3.72,543.32
B,12.51,1.89,2.33,12.78,96.3,2.6,1.47,0.31,0.86,2.01,1.7,3.2,708.11
B,13.27,1.68,1.85,11.86,91.25,2.87,1.23,0.69,2.01,3.72,1.09,2.35,599.26
B,12.97,1.4,1.8,10.96,96.4,2.87,1.24,0.62,1.43,4.68,1.72,3.82,591.54
B,12.89,1.54,2.17,10.63,95.78,2.7,1.94,0.43,1.83,4.23,1.69,3.07,614.52
B,12.86,1.21,2.08,13.04,95.41,2.36,2.22,1.01,0.87,4.52,1.46,2.16,680.26
B,12.56,1.92,2.19,10.69,95.08,2.74,2.27,0.94,1.03,3.79,1.66,3.44,652.4
B,12.85,1.64,1.94,12.84,89.71,2.14,1.83,0.99,1.44,4.37,1.11,2.27,587.35
B,12.99,1.36,2.07,11.23,89.94,2.58,1.9,0.69,1.16,2.19,1.58,3.27,566.12
B,12.37,1.77,1.91,11.72,91.76,2.1,1.08,0.75,1.35,4.02,1.19,3.06,685.54
B,12.89,1.93,1.92,12.62,93.73,2.69,2.42,0.77,1.22,4.43,1.57,2.64,685
B,12.94,1.82,1.91,12.91,96.85,2.1,0.84,0.97,0.97,2.73,1.19,3.72,650.91
B,13.11,1.84,1.99,11.11,89.4,2.97,1.09,1.04,1.89,3.51,1.94,2.66,587.62
B,12.4,1.73,2.03,11.28,92.45,2.65,1.31,0.35,0.56,4.34,1.18,3.11,675.88
B,12.71,1.5,1.81,10.75,94.97,2.91,2,1.1,1.63,3.39,1.89,2.86,525.18
B,12.6,1.36,1.57,13.44,89.27,2.19,1.08,0.32,1.38,4.06,1.81,3.4,693.25
B,12.82,2.02,2.36,18.3,102.39,2.43,2.89,0.69,0.81,3.54,2.12,3.12,801.43
B,12.73,1.84,2.99,16.14,104.53,2.62,2.05,1.3,2.33,5.29,1.31,2.77,851.65
B,13.02,1.76,2.94,16.4,101.03,2.07,2.28,0.65,0.81,3.79,1.41,2.6,857.41
B,12.5,1.85,2.48,18.25,108.74,2.89,1.29,1.42,0.46,5.39,2.13,3.25,718.38
B,12.73,1.54,2.8,18.85,102.34,2.97,2.43,1,0.82,6.11,1.57,2.68,685.75
B,13.04,1.24,2.47,16.63,108.69,2.72,2.37,0.86,0.5,5.61,1.36,1.98,689.35
B,13.13,2.07,2.31,16.82,110.17,2.18,1.18,1.35,1.67,3.58,1.8,3.07,834.34
B,13.07,1.85,2.67,17.3,109.98,3.01,2.71,0.73,2.05,5.91,2.1,3.05,786.91
B,12.97,1.78,2.82,18.01,105.97,2.42,1.51,0.73,2.31,4.26,1.3,3.03,878.29
B,13.06,1.59,2.65,17.39,108.49,2.35,1.58,0.85,1.16,5.2,1.97,1.7,857.91
B,12.9,1.44,2.53,18.48,102.09,2.41,3.05,0.95,0.44,3.4,1.87,1.75,698.34
B,12.65,1.69,2.33,17.97,102.12,2.94,2.86,1.06,1.52,4.47,1.62,1.94,874.96
B,13.29,1.13,3.26,16.08,110.23,2.46,2.62,0.7,2.1,3.47,1.9,3.56,876.54
B,13.05,1.97,2.7,16.34,105.28,2.08,1.76,1.55,1.14,4.1,1.48,1.88,716.07
B,13.16,1.86,2.56,18.06,110.86,2.53,1.1,1.02,1.36,5.68,2.09,3.19,695.82
B,12.38,1.8,2.98,17.73,102.82,2.59,2.93,0.94,2.25,4.07,2.1,3,810.37
B,13.18,1.53,2.61,16.47,102.21,2.59,1.75,0.97,1.79,3.72,1.49,3.11,699.22
B,12.93,1.33,2.76,17.47,104.55,2.59,2.28,0.91,0.52,3.31,1.86,3.34,784.87
B,12.41,1.6,3.06,17.03,102.54,2.58,3.05,0.79,0.92,3.57,1.92,3.31,745.51
B,13.28,1.69,2.67,18.78,107.71,2.75,3.05,1.58,1.62,3.41,1.59,2.63,683.53
B,13.27,1.57,2.81,19.15,104.58,2.98,2.64,0.65,1.13,6.14,1.17,3.36,571.75
B,13.05,1.38,2.45,19.69,108.46,2.4,1.84,0.99,2.35,6.73,1.27,1.6,507.09
B,12.94,1.66,2.41,17.69,109.07,2.42,1.87,1.34,1.24,8.58,1.74,3.16,487.55
B,13.1,1.59,2.99,17.56,104.68,2.99,2.06,1.33,2.39,8.53,1.94,1.8,648.03
B,13.11,1.42,3,18.91,103.05,2.71,3.11,1.31,1.7,7.71,1.35,2.46,510.95
B,12.75,2.33,2.98,19.8,106.83,2.85,1.78,0.92,2.62,6.23,1.6,3.15,499.65
B,13.59,1.42,2.27,18.75,103.22,2.47,1.82,1.24,1.06,8.44,1.78,1.8,488.66
B,13.58,2.29,2.52,16.88,107.33,2.94,3.34,1.48,1.51,8.36,1.21,2.5,565.51
B,13.16,2.34,2.07,19.66,106.58,2.17,1.6,0.68,1.22,7.66,1.96,2.4,613
B,13.05,2.12,2.05,18.59,108.23,2.6,2.23,1.04,1.51,8.36,1.63,3.21,465.2
B,12.89,2.35,2.63,19.67,102.52,2.77,2.82,1.08,1.8,6.23,1.78,2.37,466.72
B,12.92,1.92,2.34,19.41,107.53,2.24,1.68,1.36,1.91,7.56,1.6,2.22,493.44
B,13.46,1.79,2.58,17.12,104.49,2.93,2.95,1.12,2.19,7.39,1.65,3.02,495.51
B,12.85,1.39,2.64,17.76,102.25,2.38,3.29,0.65,2.49,7.02,1.62,2.81,569.64
B,13.34,2.3,2.07,18.4,103.75,2.57,2.18,1.07,0.85,6.72,1.47,2.32,617.9
B,12.88,1.41,2.78,18.18,109.5,2.16,3.34,1.17,1.68,7.07,1.62,3.4,487.57
B,13.52,1.75,2.47,18.69,108.56,2.1,2.87,0.58,1.64,7.19,1.66,2.57,624.97
B,13.02,1.81,2.2,16.86,101.15,2.75,3.22,0.88,2.57,8.71,1.98,1.87,601.77
B,13.18,1.62,2.43,17.56,101.7,2.78,1.9,0.79,1.72,7.64,1.09,3.09,577.56
B,13.21,1.43,2.87,18.04,104.01,2.66,3.09,1.36,1.59,6.02,1.34,3.05,595.06
B,13.94,1.86,2.87,20.29,99.84,2.42,2.3,0.42,1.61,4.38,1.48,3.98,654.69
B,14.14,2.2,2.83,18.99,97.84,2.64,2.37,1.28,1.44,5.95,2.04,4.41,795.06
B,14.61,2.03,2.89,19.68,102.09,2.61,2.18,0.36,1.31,4.28,1.5,3.31,732.11
B,13.87,1.73,2.44,19.57,97.72,2.87,2.49,1,1.94,6.34,2.17,4.36,675.2
B,14.03,1.63,2.71,18.33,103.29,2.27,2.29,1,0.91,4.97,1.27,3.31,785.97
B,14.28,1.7,2.52,18.52,102.3,2.85,2.47,0.89,1.13,4.97,1.26,3.31,790.52
B,14.59,1.38,2.76,19.68,101.07,2.55,1.87,1.23,1.93,4.42,1.41,3.41,725.82
B,14.14,2.21,2.08,19.42,99.28,2.48,3.14,1.2,2.52,4.49,2.07,3.54,653.15
B,14.4,1.43,2.26,19.77,97.66,2.48,2.12,0.35,2.66,4.95,1.8,3.16,745.37
B,14.42,1.3,2.16,20.8,94.08,2.48,3,0.54,1.59,4.73,2.17,4.26,656.2
B,14.32,1.51,2.59,20.92,96.02,3,2.19,0.6,1.44,6.02,1.56,4.08,816.16
B,14.35,1.99,2.72,19.76,98.37,2.66,3.08,0.35,1.02,4.5,1.93,2.64,719.06
B,14.45,1.26,2.05,20.37,103.16,2.49,3.17,0.78,1.79,5.47,1.29,2.91,702.53
B,13.79,2.12,2.19,19.93,100.86,2.63,2.13,0.42,0.9,4.21,1.88,3.96,659.52
B,14.35,1.26,2.63,19.3,102.48,2.43,3.56,0.4,1.76,4.7,2.12,3.24,684.39
B,14,1.37,2.25,18.49,95.93,2.18,2.37,0.33,1.98,4.45,1.52,3.78,715.94
B,13.99,2,2.27,19.3,95.43,2.14,3.53,0.7,2.53,6.18,1.58,3.44,749.08
B,14.14,1.97,2.27,19.43,101.85,2.91,2.71,0.56,1.53,5.78,1.54,3.2,770.12
B,13.67,2.18,2.04,18.97,102.61,2.68,1.9,1.09,1.21,6.72,1.44,4.27,659.44
B,14.2,2.04,2.42,20.05,98.2,2.17,3.18,1.15,2.52,4.11,1.84,3.98,690.1
B,12.45,1.83,2.57,19.8,93.64,4.31,3.72,0.85,3.47,6.53,1.32,3.46,426.31
B,12.86,1.49,2.61,21.9,89.4,3.79,3.25,0.75,2.51,4.75,2.01,3.92,608.49
B,12.67,1.61,2.35,21.8,90.68,3.69,3.14,0.78,2.85,7.05,1.58,4.34,489.52
B,13,1.32,2.77,20.48,93.88,4,4.65,0.4,3.78,4.64,2.13,4.32,475.69
B,13.34,1.67,2.35,20.84,95.82,3.87,3.22,0.92,3.78,5.22,1.31,4.62,546.23
B,12.66,1.53,2.58,19.71,94.49,4.4,3.35,0.9,1.9,4.85,1.78,4.28,543.18
B,12.97,1.2,2.78,21.14,94.92,4.49,3.93,0.6,2.82,5.15,1.63,4.19,430.37
B,13.07,1.45,3.11,21.83,94.18,4.13,4.92,0.44,2.8,7.44,1.39,4.19,439.25
B,12.79,1.7,2.6,19.91,91.89,3.52,4.63,0.95,2.72,6.04,1.85,4.22,423.09
B,12.61,1.69,2.25,21.87,96.83,3.53,4.1,0.56,2.05,5.78,1.5,4.44,566.59
B,12.54,1.72,2.81,19.83,96.56,4.02,4.46,0.71,2.44,5.2,1.31,3.46,587.02
B,13.01,1.57,2.81,21.61,91,4.14,3.24,0.74,3.15,7.11,1.53,3.53,577.92
B,12.65,1.32,3.11,19.57,93.04,3.6,4.2,0.42,2.3,5.39,1.61,3.83,491.91
B,12.46,1.34,2.36,19.37,93.16,3.97,4,0.61,2.38,5.43,2.12,2.92,553.82
B,13.1,1.48,2.72,19.12,90.71,4.35,4.82,1.01,2.36,5.81,1.71,2.96,443.82
B,13.2,1.65,2.67,19.65,93.44,4.39,3.43,0.3,2.2,6.08,1.6,4.79,505.48
B,12.71,1.55,2.27,20.1,87.85,3.9,3.19,1.17,2.6,5.16,2.16,3.84,480.48
B,12.98,1.18,2.59,20.74,91.15,3.96,3.16,0.96,3.11,6.72,2,4.37,516.57
B,13.03,1.55,3.05,19.66,94.96,3.79,4.96,0.69,2.36,6.15,1.93,3.77,544.85
B,12.93,2.01,2.86,20.54,87.21,4.45,3.45,0.54,3.37,5.61,1.24,3.83,545.97
B,13.07,1.91,2.94,20.87,109.33,2.28,2.56,0.52,1.15,5.03,2.29,4.12,424.17
B,12.79,1.51,3.5,21.58,105.89,2.86,3.18,0.65,2.56,5.59,1.51,3.6,400.73
B,12.28,1.78,2.94,19.2,108.29,2.79,2.4,0.53,2.09,3.96,1.56,4.21,545.8
B,12.47,2.36,2.78,19.88,106.11,2.79,2.79,0.79,2.21,5.74,2.23,3.33,468.8
B,12.84,2.31,3.47,19.86,111.34,2.81,3.43,1.17,1.1,5.69,2.42,3.24,486.12
B,12.47,2.43,3.24,21.86,113.77,2.83,1.96,0.51,2.94,4.07,2.15,3.74,512.29
B,12.97,2.05,3.2,19.92,107.86,2.28,2.9,0.75,2.42,3.05,1.68,2.78,526.85
B,12.47,1.99,3.3,19.18,107.55,2.77,3.64,0.82,1.19,3.77,1.95,3.94,361.83
B,12.4,2.21,2.99,19.18,110.53,2.08,3.46,0.7,2.31,4.99,2.06,3.9,487.17
B,12.23,2.14,2.78,21.51,109.09,2.56,2.41,1.43,1.47,3.55,1.81,2.73,504.8
B,12.98,1.63,2.66,19.51,113.58,2.63,2.07,1.09,2.73,3.67,1.6,2.64,433.37
B,13.11,1.76,3.31,19.77,113.76,2.63,3.21,0.53,1.62,5.77,2.43,3.78,402.15
B,13.01,2.09,3.36,20.79,113.64,2.73,3.58,0.67,1.34,4.02,1.72,3.85,392.76
B,12.23,1.7,3.1,19.85,106.61,2.08,3.71,0.9,2.91,3.26,1.92,3.76,384.99
B,12.21,1.48,3.27,20.87,107.9,2.02,2.26,1.09,2.74,4.6,1.69,3.82,550.69
B,12.98,2.43,2.64,21.18,109.75,1.94,3.44,1.03,1.19,5.35,2,3.59,541.2
B,12.74,1.65,2.56,21.72,104.99,2.78,3.29,0.8,1.21,4.02,1.81,2.67,494.53
B,12.26,2.1,3.29,21.75,110.5,1.9,3.26,1.07,1.51,5.08,2.18,2.46,356.36
B,12.76,1.63,3.09,21.15,112.32,2.51,2.96,0.87,2.41,4.43,1.81,4.15,392.09
B,12.9,1.48,3.14,21.78,111.56,2.85,1.95,0.6,2.97,5.41,2.06,3.45,462.5
B,13.13,1.52,2.99,21.02,107.49,3.17,2.86,1.13,2.13,7.37,2.07,3.12,716.41
B,12.73,1.54,3.14,18.45,104.62,3.02,2.96,0.82,3.88,5.56,1.78,4.06,783.93
B,12.78,2.08,2.86,20.86,98.81,3.4,4.39,0.42,2.76,6.14,1.23,3.4,680.83
B,12.91,1.93,3.32,20.55,103.37,3.37,4.3,1.19,4.06,6.7,1.23,3.97,773.74
B,12.75,1.56,2.62,19.99,101.81,2.76,3.73,1.06,2.42,5.02,1.82,2.75,695.64
B,12.87,1.41,2.79,18.65,100.65,2.98,3.59,0.42,3.75,6.49,2.16,3.82,853.65
B,12.71,1.36,3.01,18.39,99.19,3.27,3.13,1.36,3.59,4.78,1.32,3.69,753.42
B,12.73,1.39,2.62,20.44,105.65,2.93,4.15,1.26,2.2,7.08,1.9,2.96,708.28
B,12.94,2.07,3.36,19.57,100.49,3.09,3.98,0.61,3.6,6.36,2.16,2.98,867.39
B,12.72,1.91,3.3,19.5,101.32,3.27,4.65,0.47,2.17,5.28,2.03,3.07,872.39
B,12.82,1.84,2.9,20.02,102.77,3.24,2.95,1,2.17,6.36,1.42,2.7,766.48
B,12.97,1.21,3.1,20.55,101.51,3.33,3.04,0.62,3.44,5.83,1.86,4.12,738.89
B,12.52,2.1,3.32,18.41,103.22,2.52,3.69,0.41,3.63,6.73,2.08,3,709.19
B,13.03,2.16,2.63,18.86,104.19,3.03,4.58,1.19,3.2,5.28,1.56,4.28,781.73
B,13.31,2.08,2.64,18.99,102.02,2.68,4.37,1.36,2.74,4.97,2.08,2.8,834.55
B,13.11,1.66,3.36,20.85,101.23,2.47,3.22,0.9,3.76,6.79,1.22,3.32,726.92
B,13.09,2.13,2.61,18.56,100.06,2.84,3.16,1.26,3.08,5.17,2.15,3.97,843.62
B,13.28,1.49,3.27,20.75,105.36,2.56,3.31,0.47,3.13,7.3,1.81,3.77,854.52
B,12.74,1.26,2.81,18.81,103.25,2.96,3.45,1.22,3.33,6,2.17,3.88,832.9
B,12.82,1.77,2.86,18.76,104.86,2.98,3.51,0.99,3.85,4.88,1.91,2.44,730.9
B,13.24,1.13,2.06,15.99,85.3,3.32,3.2,0.38,4.2,6.15,1.33,4.65,621.76
B,13.96,1.09,1.79,16.65,87.4,3.1,4.89,0.37,3.54,7.13,1.36,4.13,700.79
B,13.79,1.94,2.6,17.16,82.47,3.39,4,0.95,4.13,5.45,1.35,4.05,505.87
B,13.45,1.33,2.36,15.83,80.62,3.5,3.34,0.86,4.27,7.7,1.75,3.38,687.08
B,13.49,1.02,2.17,16.33,87.69,3.15,4.68,0.92,4.09,7.09,1.42,3.38,571.39
B,13.59,1.4,2.15,17.64,87.74,3.56,3.97,0.42,3.51,5.44,1.84,3.45,572.94
B,13.39,1.82,2.09,15.91,82.19,3.21,3.53,0.66,4.12,7.64,1.72,4.42,519.86
B,13.28,1.57,2.61,17.35,86.2,3.21,4.47,0.55,3.75,8.01,1.73,3.72,697.17
B,14.1,1.63,1.83,15.94,78.36,3.93,3.43,0.94,2.62,6.05,1.41,4.56,552.15
B,13.57,1.2,2.63,15.38,84.91,3.77,3.4,0.41,3.19,5.92,1.54,4.39,520.43
B,13.43,1.14,2.41,15.37,83.18,3.18,4.34,0.39,3.04,6.14,2.06,4.29,547.92
B,13.14,1.23,2.24,17.72,85.69,3.96,4.87,0.29,3.47,7.7,1.85,3.78,693.12
B,13.19,1.68,2.56,15.93,87.2,3.19,3.45,0.82,2.93,5.79,1.77,3.95,609.28
B,13.93,1.32,1.97,15.87,79.06,3.3,4.63,0.36,3.85,7.84,1.14,3.87,654.72
B,13.7,1.68,2.51,15.47,87.61,3.09,4.06,0.93,2.94,7.17,1.63,3.25,610.19
B,13.83,1.32,1.8,16.49,80.21,3.18,4.05,0.92,3.28,5.43,1.61,3.96,535.17
B,13.81,1.07,1.81,16.67,81.46,3.8,3.91,0.3,2.47,5.65,1.67,3.21,607.5
B,13.74,1.33,2.32,15.24,82.56,3.82,3.32,0.39,3.58,7.06,1.85,5.16,614.41
B,13.65,1.95,2.28,16.47,86.62,3.2,3.99,0.78,3.88,7.44,1.67,4.28,547.67
B,13.57,1.95,2.32,16.22,82.99,3.23,3.54,0.6,3.79,7.18,2.06,4.45,700.72
B,12.97,1.78,2.28,20.26,84.08,2.61,2.73,0.85,1.27,6.31,1.97,3.93,573.81
B,12.73,1.81,2.56,20.75,85.72,2.81,3.39,0.63,1.2,5.57,1.27,4.53,635.17
B,12.49,2.03,2.11,22.07,81.05,2.34,2.08,0.74,2.91,7.67,1.51,5.22,706.68
B,13.3,1.59,2.15,21.43,87.38,2.67,3.08,0.98,1.76,7.04,2.02,5.09,528.89
B,13.23,1.38,2.6,21.2,81.72,2.52,2.82,1.06,3.03,6.8,1.14,4.08,707.52
B,13.2,1.19,2.83,20.58,87.42,2.77,2.98,0.62,2.98,6.75,1.17,3.8,679.27
B,12.46,1.36,1.98,20.16,81.8,2.39,3.6,0.91,1.55,5.23,1.53,3.63,593.72
B,13.14,1.28,2.13,22.48,81.62,2.57,3.41,0.98,1.37,4.93,1.32,5.45,530.33
B,12.63,2.17,2.42,20.11,80.18,2.3,2.4,0.54,1.87,6.4,1.93,4.78,534
B,13.32,1.52,2.92,20.6,84.65,2.98,3.54,0.83,2.27,5,1.27,4.56,517.72
B,13.16,1.92,2.48,20.15,86.28,2.19,3.86,0.29,2.46,6.17,1.26,5.2,557.68
B,13.17,1.34,2.58,21.47,82.2,2.22,2.62,0.44,1.06,5.68,1.13,5.24,628.99
B,12.52,1.8,2.39,21.95,78.84,2.16,2.19,1.1,1.64,5.58,1.59,5.06,556.16
B,12.56,1.95,2.84,20.73,86.93,2.22,2.57,0.63,1.09,5.42,1.25,3.66,708.44
B,13.17,1.84,1.99,20.64,86.93,2.57,2.8,0.85,1.42,5.92,1.91,3.66,682.94
B,13.37,1.81,2.52,22.6,78.59,2.85,2.5,0.36,2.01,5.6,1.99,3.76,612.19
B,12.97,1.84,2.58,21.57,84.7,2.86,2.79,1.27,2.94,4.94,1.49,4.37,601.43
B,13.01,1.84,2.92,20.78,86.5,2.57,2.05,0.81,1.98,7.17,1.88,4.44,625.98
B,12.58,1.96,2.52,21.43,86.62,2.47,2.56,0.67,2.04,4.99,1.35,5.33,677.2
B,13.2,1.21,2.09,21.7,82.68,2.5,3.72,0.96,2.87,5.59,2.02,5.36,618.29
B,13.47,1.01,2.71,18.31,115.1,3.27,1.52,1.27,2.05,4.61,1.96,3.1,762.8
B,14.29,1.83,3.26,19.05,113.93,3.01,2.44,1.24,1.08,4.51,1.6,3.54,821.34
B,13.84,1.77,3.2,18.46,115.12,3.13,2.99,0.67,1.22,5.65,1.39,2.03,884.71
B,14.04,1.74,2.56,18.68,115.51,2.92,2.04,1.28,2.28,5.8,1.76,3.55,876.22
B,13.89,1.72,2.83,19.13,114.98,2.59,2.99,1.12,1.25,5.31,1.94,2.46,797.03
B,13.88,1.04,2.38,17.02,119.82,2.93,1.56,1.37,2.2,4.4,1.41,2.41,941.44
B,13.51,1.16,2.84,17.77,119.04,2.6,2.12,0.87,1.18,4.5,1.67,2.01,812.98
B,14.08,1.39,3.33,18.19,116.21,2.78,2.19,0.65,0.69,5.72,1.37,2.14,930.36
B,13.35,1.22,3.09,19.51,112.47,2.93,2.22,1.18,0.93,5.68,1.3,2.71,933.39
B,13.84,1.86,2.39,18.41,110.36,2.99,3.04,1.53,1.23,6.09,1.37,3.8,777.31
B,13.64,1.09,3.09,17.36,117.49,3.23,2.12,1.38,0.42,3.3,1.59,2.9,910.51
B,13.59,1.62,3.24,18.77,119.21,3.26,1.97,0.94,0.58,5.92,1.86,3.61,925.51
B,13.98,1.15,3.04,17.51,115.41,3.46,1.9,1.29,2.38,5.56,1.65,2.49,938.95
B,13.41,1.87,2.56,17.36,115.45,3.38,1.61,0.57,0.68,4.53,1.39,2.22,840.19
B,14.03,1.8,3.15,18.27,119.37,3.14,3.18,1.47,0.71,6.08,1.03,2.45,756.75
B,13.95,1.26,2.46,19.56,119.02,2.61,1.88,1.15,1.87,3.33,1.16,3.25,829.54
B,14.08,1.36,2.55,17.62,113.78,2.7,3.28,0.65,2.11,4.69,1.24,2.46,926.13
B,14.11,1.32,2.88,18.21,118.85,2.7,1.37,1.53,1.58,3.65,1.74,3.04,840.16
B,14.3,1.66,3.18,18.75,116.14,3.44,2.19,1.45,1.77,4.45,2,3.31,820.35
B,13.57,1.25,2.89,17.65,112.46,2.87,1.36,0.72,0.89,4.37,1.41,2.55,867.65
B,12.71,1.91,2.44,18.91,159.88,2.16,2.07,0.19,3.94,4.02,1.74,4.07,758.37
B,12.78,1.3,2.25,19.37,160.28,2.52,1.7,0.22,4.22,4.65,2.05,4.05,726.23
B,12.57,2.17,2.41,18.99,160.21,2.16,1.56,0.28,4.31,4.83,2.03,4.7,913.23
B,12.46,1.5,2.22,17.68,158.65,2.61,1.51,0.42,3.58,5.11,2.1,4.31,914.57
B,12.72,1.37,2.7,19.02,156.51,2.74,1.97,1.13,3.75,3.41,2.2,3.16,828.05
B,12.88,1.65,2.26,18.37,153.7,2.42,3.27,0.18,4.29,3.22,2.22,3.9,759.79
B,12.61,2.04,1.81,17.07,153.95,2.63,1.31,0.49,4.44,4.97,1.66,4.99,884.79
B,12.31,2.14,1.82,16.9,151.34,2.11,2.71,0.66,2.92,4.77,2.04,4.28,789.62
B,12.38,2.05,2.43,18.25,153.98,2.04,2.79,1.06,3.97,4.13,2.23,4.04,800.82
B,12.33,1.41,2.66,18.38,160.77,2.04,1.63,0.78,4.45,3.15,1.84,3.39,888.98
B,12.93,1.92,2.58,17.27,154.15,2.62,2.69,0.19,3.86,4.18,2.27,3.71,870.8
B,12.39,1.27,2.18,18.99,159.45,2.82,1.93,0.93,2.99,4.05,2.19,4.22,755.37
B,12.64,1.55,2.56,19.5,156.24,2.23,2,0.79,3.3,3.14,1.45,4.77,801.12
B,12.6,1.27,2.65,19.69,152.09,1.89,1.6,0.98,4.37,3.48,2.02,4.85,909.14
B,12.61,1.46,2.19,18.7,154.51,2.1,2.83,0.48,3.49,4.48,1.85,3.8,845.4
B,12.73,1.35,1.93,17.26,155.34,2.45,1.68,0.8,2.91,3.92,1.53,3.56,770.87
B,13.05,1.26,2.58,18.97,158.01,2.2,2.91,0.64,2.6,5.55,1.56,4.4,771.92
B,12.83,1.72,2.18,19,153.29,2.55,3.03,0.31,3.82,4.06,1.72,4.3,828.18
B,12.89,1.66,2.08,16.97,158.12,1.89,1.43,0.18,3.94,5.31,1.96,4.36,911.98
B,12.55,1.66,2.69,18.94,154.6,2.64,2.05,0.48,3.57,4.94,2.1,3.93,768.26
B,12.47,1.63,3.05,22.99,103.14,2.06,2.12,0.81,1.74,4.61,1.32,3.68,1056.19
B,12.89,1.94,2.69,23.26,103.15,1.26,2.93,1.08,2.96,5.43,1.33,2.88,870.3
B,13.21,1.98,2.96,21.62,106.45,2.06,1.48,0.88,1.62,5.35,1.82,3.36,951.54
B,12.45,1.71,2.73,20.99,106.98,1.59,1.39,1.16,2.92,5.06,1.88,2.59,917
B,12.47,2.47,2.44,21.69,103.38,1.72,1.39,1.09,1.62,5.48,1.1,2.39,897.17
B,12.96,1.91,2.87,22.42,107.49,1.18,2.85,1.21,2.82,5.73,1.2,2.92,962.55
B,12.89,2.58,2.34,22.69,107.15,1.67,2.73,0.39,2.95,5.6,1.88,2.79,998.47
B,13.13,1.85,2.94,21.01,106.25,1.88,2.64,1.11,3.14,3.67,1.59,2.35,957.29
B,12.92,1.86,2.35,21.8,105.57,1.97,2.19,1.05,2.56,5.51,1.07,1.85,1038.91
B,13.21,2.28,3.1,21.88,110.92,1.27,1.52,0.96,1.99,4.85,1.08,2.06,1053.07
B,12.73,2.53,2.99,22.3,106.28,1.5,1.35,1.14,1.73,4.08,0.93,2.15,912.31
B,12.91,2.47,2.25,20.44,110.8,1.43,2.07,0.55,2.58,4.61,1.27,3.79,895.87
B,12.83,1.66,2.47,22.46,103.1,1.67,2.52,1.27,1.75,5.24,1.75,3.52,886.65
B,12.86,1.7,2.7,20.99,106.47,1.26,1.36,0.52,2.59,4.57,1.51,2.46,890.2
B,12.87,2.52,2.84,20.77,106.53,1.35,1.71,0.94,1.98,5.13,1.55,2.43,918.25
B,12.66,2.57,2.68,22.57,108.56,1.48,1.1,0.49,2.73,5.66,1.04,3.11,966.9
B,13.17,1.85,2.71,20.6,105.31,1.91,1.54,1.34,2.05,4.24,1.02,3.79,1026.78
B,13.17,1.93,2.24,22.37,110.79,1.47,2.31,1.07,2.97,5.99,1.07,2.71,1050.19
B,12.93,2.02,2.44,21.04,104.58,1.6,1.9,0.38,1.49,5.59,1.46,2.63,1033.24
B,12.3,2.22,2.43,21.61,106.76,1.26,2.56,0.42,2.49,5.48,0.98,2.91,941.11
B,14.52,1.56,3.29,25.27,95.26,3.01,4.49,1.15,2.44,4.78,1.6,4.31,592.98
B,14.19,2.46,3.15,26.07,94.7,2.96,3.53,1.01,2.81,5,2.2,3.35,574.77
B,14.26,2.27,3.05,25.79,94.96,3.38,3.98,0.69,2.38,4.96,1.73,3.25,568.49
B,14.74,2.46,3.21,26.57,95.37,3.5,3.37,0.61,2.9,5.65,1.9,4.38,588.66
B,14.48,1.54,3.51,26.24,88.84,3.86,3.68,0.81,3.82,5.42,2,3.66,432.89
B,14.07,2.04,3.07,25.25,87.88,3.78,4.69,0.35,3.05,4.48,1.81,4.54,423.6
B,14.1,1.87,3.16,26.02,89.42,3.24,3.02,1.2,2.57,5.13,1.94,4.37,411.02
B,14.09,2.09,3.43,26.98,93.15,3.02,4.49,0.39,3.12,3.88,1.82,4.7,545.71
B,14.22,2.37,3,25.97,92.12,3.09,3.74,0.5,2.8,5.45,1.46,3.33,429.51
B,14.1,2.09,3.22,25.39,87.36,3.26,4.78,0.51,2.43,6.1,2.11,3.34,424.21
B,14.75,1.98,2.71,25.38,89.88,3.59,3.89,0.92,1.91,5.8,1.39,3.67,519.36
B,14.57,1.89,2.98,27.74,86.38,3,4.68,0.39,2.99,3.96,1.46,3.46,490.64
B,14.77,2.16,3.5,27.59,92.69,3.8,3.66,1.02,2.31,5.97,1.86,4.74,410.8
B,14.46,2.26,3.65,25.45,88.71,2.96,3.25,0.92,3.62,3.98,1.45,4.84,477.67
B,14.71,2.27,3.21,26.25,90.04,3.75,3.92,1.2,3.67,5.22,1.96,3.37,550.21
B,14.5,1.69,3,26,91.99,3,4.7,0.71,2.36,3.51,2.21,4.24,541.22
B,14.3,1.65,3.1,26.97,86.62,3.47,4.56,0.32,3.4,5.38,1.92,4.7,420.3
B,14.23,2,2.7,25.37,92.91,3.5,3.32,1.09,3.08,5.45,1.69,5.12,414.99
B,14.41,2.3,3.38,26.19,95.19,3.28,3.21,0.82,2.7,5.36,1.66,4.86,457.82
B,14.29,2.14,3.17,27.43,94.95,3.38,3.17,0.45,2.66,5.13,2.01,3.26,442.62
B,14.38,1.74,3.16,24.27,96.48,1.93,2.09,1.24,2.82,5.05,1.64,4,585.24
B,14.31,2.64,2.27,25.4,96.27,2.22,2.01,1.11,1.82,6.26,1.86,4.34,539.16
B,13.81,2.41,3.05,24.45,89.1,2.82,2.98,0.79,1.53,6.69,1.14,3.73,654.46
B,13.58,1.93,3.09,24.94,89.57,2.83,3.17,1.25,1.1,5.27,1.63,3.88,560.91
B,13.82,2.54,2.42,25.54,87.39,2.63,3.64,1,2.21,3.76,1.19,3.42,490.31
B,14.35,1.93,2.97,26.26,93.72,2.07,3.52,0.93,2.12,4.09,1.01,3.37,593.35
B,13.88,2.17,2.46,25.38,91.55,2.38,2.84,1.12,1.33,6.52,1.26,4.14,490.08
B,14.03,2.43,2.88,25.67,88.69,2.16,2.1,0.82,1.93,5.92,1.11,3.98,477.92
B,13.91,1.77,3.03,25.26,88.56,1.88,3.57,0.79,1.32,4.89,1.05,3.38,528.19
B,13.53,1.82,2.63,24.78,89.08,2.82,1.89,1.21,1.75,4.45,1.5,4.3,632.6
B,13.64,2.05,2.37,24.78,92.8,2.81,1.91,0.6,1.53,5.61,1.95,2.87,649.42
B,13.65,1.85,2.37,24.62,88.43,2.65,3.71,0.7,2.97,6.3,1.52,3,591.9
B,14.48,2.12,2.39,25.09,92.83,2.1,3.57,0.78,2.74,4.23,1.71,3.77,576.51
B,13.97,2.03,2.83,26.74,92.28,2.68,1.93,1.14,2.06,4.74,1.62,4.54,498.17
B,13.62,2.56,2.84,25.21,92.25,2.24,2.6,1.14,1.09,4.21,1.18,3.79,499.01
B,13.84,2.17,3.04,24.57,94.4,2.26,2.8,0.58,2.45,4.65,1.89,3.88,477.7
B,13.73,2.27,2.59,24.29,92.35,2.21,3.72,0.84,1.05,3.91,1.56,3.79,537.16
B,13.91,2.64,2.51,26.97,95.22,2.16,3.44,1.18,2.3,4.67,1,2.83,580.52
B,14.21,2.51,3.08,24.32,90.2,2.32,2.12,1.02,1.09,5.85,1.16,4.48,517.53
B,14.38,1.78,2.27,25.34,88.83,2.71,2.08,0.54,1.93,6.68,1.12,4.65,588.78
B,13.97,2.66,2.74,32.56,143.33,3.39,4.47,0.75,2.58,5.35,1.32,5.19,1067.05
B,13.78,2.42,3.16,30.32,139.86,3.9,4.2,1.08,3.55,4.89,1.87,3.71,1011.65
B,13.07,1.72,3.17,31.94,143.26,3.74,4.37,0.79,3.41,5.06,1.52,3.75,1019.03
B,13.45,2.07,3.48,32.05,140.51,3.78,4.34,0.69,3.82,5.42,2.05,4.57,1050.28
B,13.09,2.52,3.24,32.97,139.49,3.43,4.63,0.43,3.66,5.75,1.8,3.63,1164.73
B,13.41,2.63,3.34,30.13,145.22,3.84,3.27,0.35,2.01,5.51,1.79,4.59,1149.71
B,13.01,1.94,3.24,31.23,147.91,3.72,4.78,0.89,2.43,4.41,1.82,5.36,1008.46
B,13.82,2.18,2.96,32.59,147.68,3.92,4.24,0.83,2.29,5.87,2,4.77,1110.93
B,13.29,2.02,3.27,30.69,146.39,4.05,3.37,1.19,2.03,4.3,1.74,3.78,1077.4
B,13.69,1.79,3.16,30.83,140.52,4.2,4.15,0.8,2.53,4.92,1.94,3.64,991.47
B,13.61,2.42,3.33,31.35,143.7,3.64,4.6,1.01,3.87,3.43,1.86,4.49,1128.21
B,13.55,2.55,2.94,32.18,148.85,4.25,3.24,0.95,2.2,6.33,2.07,3.78,1078.49
B,13.05,2.39,3.34,30.01,144.54,3.45,4.73,0.73,2.64,3.37,1.69,3.99,989.64
B,13.28,1.79,2.92,30.96,141.82,4.12,4.11,1.02,3.32,5.3,2.23,4.82,1159.44
B,13.2,2.27,3.56,31.59,145.39,3.95,2.92,0.28,2.14,4.91,1.63,4.97,1088.79
B,13.63,2.62,3.52,32.68,144.67,4.06,3.47,0.63,2.89,5.73,1.61,3.68,1105.15
B,13.32,2.33,3.38,31.34,147.04,3.69,3.29,0.31,3.56,6.25,1.93,5.32,1155.43
B,13.78,2.51,2.69,32.38,143.87,3.53,3.57,0.27,2.54,5.12,1.51,5.33,1180.39
B,13.53,1.81,2.98,33,147.95,3.43,4.45,0.35,3.5,4.74,2.17,5,1153.77
B,13.05,1.86,3.28,32.46,145.95,4.29,4.17,0.72,2.53,5.57,2.27,3.58,1151.95
B,12.76,1.97,2.77,22.13,106.12,4.23,3.66,0.47,1.81,4,1.22,4.23,890.08
B,12.33,1.6,2.86,23.56,107.86,3.88,2.51,0.94,1.94,4.57,1,4.71,930.69
B,12.85,1.99,2.65,21.8,108.66,3.84,2.54,0.39,3.4,3.6,1.69,3.51,903.9
B,12.9,1.26,3.16,23.13,106.16,3.98,3.38,0.51,2.15,4.33,1.22,3.2,1016.91
B,12.19,1.26,2.96,23.04,106.82,3.45,3.33,0.29,2.34,6.18,1.47,4.76,1082.94
B,12.4,1.39,2.56,23.1,107.71,3.52,3.12,0.65,2.14,4.96,1.82,4.62,916.36
B,12.73,1.64,3.08,23.56,110.4,4.26,2.25,0.39,2.57,6.11,1.08,4.33,1047.97
B,12.24,1.33,2.91,23.67,106.71,3.91,2.78,0.32,2.94,3.47,1.34,4.78,1043.36
B,12.24,2.07,3.28,21.78,101.18,3.84,3.89,0.24,2.79,6.02,1.46,3.48,970.41
B,12.82,1.28,2.37,21.38,108.65,3.63,4,1.03,2.53,3.88,1.8,5.13,887.64
B,12.75,1.47,3.08,21.64,105.66,3.87,2.52,0.32,2.54,5.86,1.68,3.58,970.1
B,12.8,1.54,3.09,22.27,105.79,3.82,2.88,0.47,3.35,5.58,1.96,3.72,957.51
B,12.89,1.73,2.51,23.93,103.95,3.52,3.35,1.01,3.53,4.73,1.61,3.67,948.42
B,12.16,1.59,2.45,23.45,104.08,3.47,2.49,0.9,2.61,5.33,1.69,4.23,967.42
B,12.06,1.78,2.68,23.97,107.64,3.47,3.91,0.42,3,5.13,1.84,4.02,906.15
B,12.01,1.56,3.21,22.49,108.89,3.9,2.51,0.7,2.78,4.86,1,4.2,941.39
B,12.14,1.88,2.39,22.62,102,3.53,3.31,1.05,2.28,3.64,1.73,4.52,1071.03
B,12.66,1.36,2.46,22.31,103.83,3.4,3.78,1.1,2.64,5.35,1.45,4.67,894.75
B,12.05,1.95,2.56,22.76,109.86,4.07,3.55,0.68,3.2,5.49,1.28,4.51,1015.72
B,12.8,1.96,2.32,22.95,108.06,3.94,2.15,0.97,3.4,4.61,1.54,3.96,1014.45
B,11.67,2.53,2.58,18.92,101.44,1.83,3.3,0.8,1.79,4,1.66,3.09,581.48
B,12.29,2.15,1.95,18.82,100.59,2.46,2.81,0.56,1.76,4.19,1.24,3.64,461.48
B,12.27,2.27,2.46,16.06,106,2.44,2.76,1.07,2.81,5.85,1.58,2.79,534.24
B,12.01,2.65,2.36,17.72,102.99,1.92,2.77,0.41,2.46,6.02,1.77,2.28,466.31
B,12.4,2.11,2,18.71,101.99,1.97,2.63,0.61,1.28,5.08,2.17,3.58,516.92
B,12.45,2.19,2.52,17.25,97.64,2.35,3.19,0.79,2.33,6.02,1.56,3.72,584.99
B,12.22,2.31,2.78,17.77,100.84,1.81,2.12,1.12,2.54,4.99,1.95,3.14,508.88
B,12.57,2.24,2.37,16.18,102.85,2.03,2.56,1.23,1.55,6.04,1.62,2.2,479.37
B,12.54,1.92,2.59,17.92,97.16,2.61,2.07,0.79,1.94,5.33,2.02,4.1,620.74
B,12.36,2.54,2.43,16.31,105.83,2.21,3.38,1.15,1.54,5.77,1.3,3.39,451.78
B,11.89,2.55,2.01,16.03,97.22,2.29,1.77,0.35,1.28,6,1.85,4.14,607.55
B,11.7,2.68,2.21,18.23,104.67,2.06,2.85,0.82,1.91,5.74,1.24,3.77,609.18
B,12.43,2.03,2.8,18.32,103.96,2.44,2.81,0.72,1.48,4.14,2.16,2.46,432.24
B,12.16,1.91,2,17.77,105.55,2.04,3.19,0.99,2.83,5.41,2.17,3.09,623.13
B,12.53,1.97,2,16.01,102.62,1.77,2.93,0.62,3.08,6.41,1.84,2.71,470.42
B,12.12,2.33,2.45,17.39,103.72,2.49,2.62,0.48,2.04,3.99,1.62,3.84,487.19
B,12.24,2.59,2.39,16.32,97.13,2.51,3.08,0.97,1.57,5.85,1.78,3.97,589.06
B,12.02,1.96,2.35,18.73,98.03,2.33,2.82,0.56,3.15,6.69,1.65,4.04,471.98
B,12.45,2.44,2.35,16.94,100.85,1.68,1.95,0.5,3.14,5.62,1.68,3.4,512.66
B,12.61,2.22,2.32,16.87,102.62,2.49,1.66,0.57,1.35,6.63,1.86,3.89,539.41
B,13.38,1.81,2.58,18.89,94.33,2.1,2.78,0.27,1.47,4.97,1.32,4.16,556.25
B,13.05,1.5,2.39,17.16,88.7,2.69,3.6,0.91,2.01,7.34,1.28,2.61,431.46
B,13.64,1.17,2.53,17.68,92.19,2.74,3.03,0.36,2.02,6.53,1.63,2.5,445.86
B,13.57,1.56,1.84,16.41,90.7,2.15,3.66,0.67,2.85,6.49,1.55,4.26,465.55
B,13.09,1.5,2.39,18.03,92.25,2.53,3.61,1.18,1.87,6.4,1.84,3.95,515.12
B,13.58,1.85,2.53,16.7,89.27,1.98,2.72,1.08,2.06,5.78,1.48,3.68,554.08
B,13.26,1.57,2.24,16.18,94.94,2.18,2.37,0.36,1.81,7.08,1.55,4.32,550.1
B,13.24,1.57,2.7,16.7,91.49,2.31,2.78,0.34,2.12,6.98,1.36,4.11,475.25
B,13.56,0.92,1.85,16.65,91.86,2.04,3.93,1.01,1.51,7.05,1.77,3.37,515.16
B,13.53,1.25,1.98,18.41,95.44,2.09,2.64,1.01,2.74,7.14,2.18,3.33,487.51
B,13.77,1.02,1.98,17,93.03,2.08,3.07,0.41,2.04,4.73,2.14,3.32,427.5
B,13.15,1.68,2.69,18.06,92.98,2.15,3.15,1.06,3.08,5.06,1.31,2.85,493.85
B,13.16,1.43,2.4,17.06,88.3,2.72,3.69,0.75,2.01,4.67,1.73,2.94,440.81
B,13.45,1.35,1.76,16.48,95.82,2.62,3.54,0.54,2.69,5.18,2.18,3.45,569.65
B,13.52,1.47,2.25,18.46,91.61,2.82,3.46,0.47,2.6,7.3,1.87,2.75,492.5
B,13.74,1.66,2.67,18.26,87.29,2.77,2.52,0.35,1.78,6.78,2.15,2.81,431.71
B,13.85,1.36,2.34,18.98,86.32,2.53,3.42,0.26,2.07,4.62,1.81,2.86,508.13
B,13.56,1.64,1.86,17.48,89.31,2.65,3.27,1.14,3.12,5.55,2.12,3.58,455.75
B,13.4,1.8,1.86,18.11,90.13,1.98,2.85,1,1.89,6.53,1.26,2.93,542.06
B,13.03,1.2,2.62,16.54,91.07,2.75,2.85,1.2,2.49,4.88,1.49,2.91,545.98
B,12.63,3.16,2.42,20.9,119.86,2.38,2.68,1.21,1.06,5.29,1.11,2.66,632.94
B,11.91,3.74,2.35,18.72,112.5,2.45,1.84,0.84,1.3,4.16,1.56,4.45,561.45
B,12.25,3.27,2.5,19.19,113.59,2.02,2.46,0.43,2.4,3.27,1.45,2.81,661.65
B,12.32,3.18,2.59,18.57,121.05,2.68,1.47,0.69,1.87,3.1,1.85,2.68,534.36
B,12.38,3.23,2.79,18.61,113.58,2.56,1.94,1.33,2.43,2.99,1.09,4.31,593.42
B,12.43,2.94,2.71,20.41,114.43,2.15,2.72,1.41,1.79,3.02,1.3,3.92,682.01
B,12.22,3.87,2.92,20.01,114.43,1.85,2.81,1.3,1.03,3.62,1.26,3.51,519.8
B,12,3.3,2.95,18.97,113.82,2.08,3.07,0.82,1.69,4.5,1.74,3.28,634.96
B,11.96,3,2.43,18.43,115.45,2.43,1.6,0.85,0.97,3.36,1.62,3.77,556.05
B,12.72,3.14,2.79,20.79,119.4,1.91,2.25,0.64,1.96,3.33,1.17,4.36,574.74
B,12.8,2.95,2.43,20.34,119.31,2.09,3.03,1.22,1.14,5.05,1.73,3.48,647.16
B,12.15,2.99,2.6,19.26,112.44,2.01,1.87,1.12,1.88,4.07,1.85,4.47,621.43
B,12.44,3.26,2.39,20.75,112.31,1.8,1.85,0.54,2.58,2.84,1.44,3.28,578.21
B,12.49,3.36,2.86,20.23,115.72,2.61,1.88,1.35,1.6,3.55,1.74,2.7,563.53
B,12.29,3.51,2.87,20.39,116.78,2.4,3.31,1.13,2.82,2.88,1.25,3.87,625.76
B,11.93,3.24,2.67,20.73,115.17,1.97,2.88,1.13,1.85,3.28,1.12,3.55,605.45
B,12.79,3.72,2.8,18.13,120.7,1.83,2.57,0.77,1.03,3.62,1.54,3.56,509.79
B,12.53,3.21,3.16,19.14,119.59,2.67,2.2,1.05,1.45,5.33,1.85,4.12,633.32
B,12.77,3.24,2.78,20.75,120.37,1.91,1.38,1.29,1.78,4.25,1.69,3.65,677.37
B,12.58,3.11,2.65,20.35,117.18,2.34,2.76,1,2.73,3.8,1.89,4.38,527.67
B,12.58,1.88,2.54,14.93,145.44,2.07,3.68,0.86,2.88,3.62,1.07,3.8,784.89
B,13.31,1.35,2.09,15.31,137.62,2.83,2.53,0.82,4.63,3.42,2.06,2.96,862.23
B,12.43,1.47,2.54,17.12,143.21,2.56,3.04,0.91,3.28,5.69,1.25,3.93,844.25
B,12.94,1.9,2.51,16.88,143.86,1.98,3.1,0.73,3.75,4.63,1.47,3.82,834.28
B,12.9,1.55,2.78,17.69,136.22,2.11,3.76,0.38,3.3,6.25,1.9,2.79,837.54
B,12.95,1.86,2.48,16.43,136.11,2.64,3.23,0.46,3.4,6.02,1.44,2.32,896.89
B,12.38,1.09,2.24,16.89,138.38,2.06,2.46,0.94,4.1,5.27,1.06,4.16,899.64
B,13.01,1.09,2.8,17.12,142.31,2.46,2.13,0.37,4.15,5.25,1.37,2.63,876.54
B,12.4,1.02,2.82,15.12,143.45,2.4,1.88,0.76,4.04,6.31,2.04,3.65,863.47
B,12.36,1.08,2.35,16.41,138.44,2.57,2.47,1.17,3.41,6.04,1.7,2.34,846.58
B,12.91,1.03,2.8,16.61,137.77,2.52,2.6,1.03,4.45,5.14,1.82,4.21,763.83
B,12.61,1.11,2.54,16.98,143.56,2,2.98,0.9,3.45,4.37,2.03,3.25,930.65
B,12.92,1.27,2.83,17.47,144.06,2.58,2.61,0.63,3.5,4.63,1.3,2.93,861.57
B,12.47,1.81,2.58,15.85,140.81,2.15,3.69,1.22,3.6,4.33,1.72,3.47,856.16
B,12.48,1.63,2.75,16.98,142.39,2.07,2.62,0.69,3.22,5.09,1.59,3.4,813.59
B,12.71,1.6,2.74,17.06,143.94,2.62,3.43,0.45,2.87,6.28,1.6,2.36,891.8
B,12.37,1.42,2.04,17.16,142.61,2.77,2.29,0.59,4.05,4.8,1.57,2.34,946.69
B,12.82,1.02,2.25,15.54,145.71,2.31,3.14,1.35,2.84,4.62,1.74,2.93,793.82
B,12.82,1.6,2.04,17.18,140.71,2.19,3.07,0.78,3.74,4.55,1.17,3.01,795.99
B,13.14,1.53,2.49,17.45,141.04,2.04,2.01,1.11,3.15,4.03,1.6,3.2,782.36
B,13.56,4.81,2.63,23.05,107.24,3.65,3.51,0.49,3.83,4.38,1.49,4.87,631.31
B,13.55,4.53,3.27,25.66,102.83,2.94,2.63,0.78,2.05,4.44,1.4,3.25,508.9
B,13.67,4.11,2.54,25.96,102.12,3.25,4.34,1.18,2.65,3.9,1.95,4.87,637.16
B,13.24,4.75,2.48,23.17,101.65,2.99,4.5,0.76,3.31,4.46,1.52,5.12,476.62
B,13.35,3.98,2.66,24.67,104.17,3.78,2.72,1.33,2.9,5.52,2.01,4.78,611.56
B,13.1,4.71,3.37,25.56,107.3,3.52,3.69,0.47,3.01,3.15,1.68,4.07,640.9
B,13.38,4.4,3.12,25.33,102.11,3.17,3.87,0.84,2.73,3.46,2.17,3.45,578.25
B,13.22,4.39,2.72,23.82,109.71,3.54,4.33,0.51,2.62,3.53,2.16,4.07,625.97
B,13.09,4.3,2.65,25.39,107.88,3.78,3.78,0.44,1.95,3.75,1.85,4.91,575.27
B,13.41,4.25,3.27,24.21,107.8,3.32,3.3,0.84,2.27,3.02,1.57,3.93,494.2
B,13.01,4.18,2.63,24.56,107.97,3.23,3.39,0.7,2.97,4.77,1.99,3.6,523.97
B,13.31,4.42,3.1,24.34,110.08,3.18,4.34,0.89,3.12,5.46,1.89,4.82,497.77
B,13.35,4.84,2.86,24.4,101.93,3.04,4.32,1.1,2.18,2.95,1.95,4.99,604.52
B,13,4.81,3,24.68,110.43,3.76,3.7,0.64,3.24,5.03,1.43,4.06,486.72
B,13.58,4.3,3.22,24.8,103.72,3.41,3.29,0.66,2.57,3.58,1.28,4.18,527.22
B,13.14,4.25,2.64,24.8,103.41,3.6,3.94,0.79,2.39,3.01,2.07,3.75,604.7
B,13.21,4.65,2.6,24.75,107.29,3.1,3.03,1.41,3.73,3.71,1.82,4,510.02
B,12.9,4.41,2.98,24.05,101.3,3.72,3.47,0.59,2,2.9,1.88,3.23,490.62
B,12.79,3.87,2.6,25.06,104.53,2.93,2.95,1.27,3.4,3.98,1.27,3.89,494.87
B,13.28,4.49,3.25,25.92,105.99,3.34,2.61,0.73,3.26,4.31,1.69,4.67,626.39
B,12.64,1.08,2.99,21.16,92.17,2.59,2.49,0.62,2.85,2.86,2.16,4.35,361.57
B,12.59,0.97,2.98,20.43,92.96,2.55,3.14,0.99,2.54,3.44,1.54,4.07,452.08
B,12.94,1.76,2.28,19.14,87.98,2.47,3.4,1.02,2.47,5.24,1.92,4.62,303.43
B,12.9,1.5,2.67,20.75,88.96,2.49,3.64,0.83,3.02,4.19,1.39,4.24,415.57
B,12.47,1.7,2.2,20.04,89.71,2.48,3.22,0.89,3.02,4.1,2.1,3.92,367.29
B,12.39,1,2.6,19.17,87.75,3.04,3.74,0.58,3.38,2.87,1.97,4.93,359.36
B,12.7,1.33,2.82,21.44,95.84,2.77,3.03,0.62,3.11,3.01,1.45,4.79,411.06
B,12.95,0.99,2.08,21.62,88.33,2.49,3.18,0.96,1.92,5.4,1.55,4.63,301.92
B,12.35,1.16,2.93,21.33,94.47,3.17,3.65,0.9,1.74,4.66,1.83,3.42,472.97
B,12.28,1.91,2.08,21.6,90.72,3.26,3.94,0.46,3.25,3.44,1.6,4.2,469.82
B,12.39,1.66,2.59,20.36,91.27,2.74,3.86,1.19,1.66,4.76,2.06,4.39,443.97
B,12.55,1.21,2.66,20.86,91.12,2.68,3.89,0.69,1.89,2.71,1.49,5.1,401.22
B,12.71,1.36,2.72,19.4,91.24,2.52,2.64,0.75,2.37,3.94,1.48,4.24,389.89
B,12.31,1.67,2.79,21.11,92.44,3.36,2.63,1.1,2.08,4.55,2.11,5.03,341.53
B,12.56,1.78,2.07,19.38,91.77,3.18,2.27,0.57,2.1,5.37,1.54,4.28,314.82
B,12.08,1.86,2.98,21.6,87.53,2.82,3.04,1.09,2.95,4.75,2.03,3.46,341.83
B,12.52,1.17,2.45,20.04,86.5,2.7,2.41,1.2,1.96,2.83,2.11,3.95,371.88
B,12.41,1.26,2.22,21.72,94.54,3.04,2.46,0.31,1.81,5.28,1.98,3.6,367.67
B,12.61,1.27,2.67,19.96,87.65,3.17,2.53,1.1,2.63,2.67,2.37,4.12,437.16
B,12.73,0.97,2.84,20.85,90.52,2.57,2.92,1,3.02,3.05,2.15,4.96,434.99
B,13.37,2.75,2.23,19.59,90.15,2.86,3.13,0.58,3.02,4.83,1.47,4.75,904.89
B,12.91,2.26,2.28,19.57,87.76,3.01,3.12,0.84,2.1,4.78,1.51,4.12,823.89
B,13.34,2.5,2.97,19.18,87.83,2.37,3.95,0.7,1.93,4.92,1.18,3.18,905.28
B,13.23,2.32,2.49,20.18,89.69,2.23,2.9,0.35,2.79,4.82,1.93,3.61,759.16
B,13.22,1.95,3,21.75,93.71,3.06,4.51,0.82,1.89,4.53,2.13,4.26,873.29
B,12.9,1.86,2.28,19.1,87.76,2.99,4.34,0.75,2.12,6,1.35,4,730.39
B,13.4,2.79,2.52,21.71,89.26,2.94,3.8,1.21,2.59,4.13,1.58,4.15,760.16
B,13.5,2.74,2.55,20.94,88.24,3.16,2.93,0.34,3.26,4.34,2.05,4.72,804.02
B,12.96,1.95,2.77,18.83,88.56,2.42,3.66,0.51,2.04,5.69,1.22,4.25,755.06
B,12.82,2.25,2.92,21.8,89.45,2.96,3.91,1.16,2.02,5.35,1.99,4.4,767.47
B,12.98,2.79,3.2,20.68,90.69,2.38,2.69,0.38,2.05,4.21,1.57,4.57,788.35
B,13.25,2.66,2.58,19.73,89.32,2.49,3.88,0.87,2.49,4.24,2.06,3.4,725.31
B,13.02,1.97,2.95,20.66,92.75,2.94,3.74,0.31,1.92,4.38,1.43,4.38,717.93
B,13.45,2.8,2.5,21.4,89.07,2.21,3.88,0.73,3.23,6.18,1.75,4.78,735.25
B,12.8,2.06,2.39,19.91,94.91,2.26,3.16,0.91,1.88,6.21,1.21,3.81,779.95
B,13.44,2.11,2.64,20.26,91.15,2.42,3.49,0.41,2.9,5.25,1.79,3.88,777.03
B,13.42,2.13,2.85,19.18,88.93,2.28,3.02,1.05,3.38,4.7,1.23,3.32,730.1
B,13.7,2.62,2.5,20.25,93.08,2.68,2.81,0.76,2.51,6.38,1.41,5.02,913.9
B,12.84,1.84,2.88,19.94,89.84,2.4,3.84,0.81,3.67,4.04,1.74,4.68,770.99
B,13.08,2.68,2.93,18.89,95.69,2.68,4.41,0.8,2.99,5.65,1.98,3.75,822.43
B,12.13,1.39,2.51,25.18,85.35,2.13,2.2,0.79,3.03,4.69,1.46,4.43,780.04
B,12.42,2.07,3.07,25.81,80.04,2.81,3.45,0.87,3.26,3.5,1.96,4.06,767.01
B,12.2,2.06,3.02,24.65,80.87,2.28,2.51,1.22,3.2,4.74,1.35,2.89,639.87
B,13.08,1.51,2.6,25.01,82.9,2.45,2.66,0.94,2.03,2.47,1.31,4.64,738.62
B,12.5,1.72,3.4,26.75,78.45,2.8,2.74,1.11,3.02,3.9,2.21,3.47,723.09
B,13,1.25,3.14,25.61,83.97,2.89,3.04,1.16,3.21,5.01,2.12,4.68,717.8
B,12.75,1.36,2.8,25.31,83.73,2.14,1.93,0.58,1.55,4,1.82,2.76,730.85
B,12.37,1.83,2.55,26.1,86.92,2.12,3.34,1.23,2.18,4.74,1.35,4.38,785.21
B,13.01,1.89,3.23,25.29,79.45,2.46,1.61,1.09,2.32,3.87,2.1,4.02,719.29
B,12.78,1.34,3.22,24.59,86.55,2.54,2.42,0.77,2.95,4.16,1.86,4.18,736.7
B,12.93,1.99,2.72,25.35,84.91,2.03,2.38,1.26,3.01,2.88,2.11,3.39,776.55
B,12.28,1.73,3.47,25.33,79.62,2.52,3.16,0.57,2.27,2.55,1.9,4.33,791.37
B,12.39,1.13,3.3,24.63,84.5,2.28,1.59,0.83,3.37,4.62,1.99,3.92,642.59
B,12.2,1.43,3.08,24.92,87.36,2.33,1.74,1,2.02,3.92,1.6,3.89,826.03
B,13.01,1.64,3.34,24.32,78.46,2.42,1.85,1.38,2.57,4.92,1.75,3.05,643.39
B,12.65,1.22,2.97,24.5,78.48,2.58,2.38,0.7,2.81,4.18,1.45,4.09,785.11
B,12.92,1.96,2.89,24.01,80.06,2.69,2.76,1.23,3.09,3.29,1.62,3.02,722.05
B,12.16,1.53,2.99,25.01,87.91,2.18,2.9,0.83,1.71,3.79,1.56,4.42,774.57
B,13.05,1.28,3.48,26.7,85.62,2.14,2.03,1.06,2.91,4.54,1.87,3.86,660.26
B,12.36,1.19,3.49,24.24,87.38,2.2,2.59,1.28,2.89,5.09,1.76,4.11,712.16
B,13.17,4.33,3.18,24.59,85.87,2.41,2.1,1.6,2.09,4.95,1.09,3.14,624.23
B,13.41,4.13,2.64,23.3,89.57,1.69,1.82,1.49,2.11,5.42,1.65,3.47,659.77
B,13.7,4.4,3.23,22.88,87.26,1.94,1.68,1.13,2.3,7.66,1.15,3.03,699.26
B,13.86,4.63,3.1,23.82,92.24,1.89,3.38,1.1,1.86,7.67,1.02,2.98,565.86
B,13.6,4.36,3.13,25.5,88.3,1.92,2.16,1.13,1.84,5.03,1.58,3.52,574.34
B,13.2,3.95,3.14,24.23,90.72,2.49,3.2,0.78,3.02,6.28,1.58,3.22,708.63
B,13.31,4.57,2.48,24.42,85.57,2.2,3.53,0.76,3.14,6.22,0.99,3.42,646.66
B,13.21,4.48,3.3,22.98,94.34,1.74,3.34,0.7,2.25,5.16,1.05,3.32,517.61
B,13.74,4.1,2.83,22.72,85.33,2.09,1.72,1.55,2.19,6.5,1.46,2.36,521.52
B,13.45,4.55,2.67,24.68,93.2,1.81,3.27,1.26,1.73,5.1,1.35,2.17,630.04
B,13.87,4.06,2.33,22.76,92.43,1.92,2.04,0.89,1.96,6.34,1.82,3.45,670.69
B,13.86,4.61,2.67,24.87,88.72,2.27,2.4,1.16,1.94,6.79,1.11,3.34,703.6
B,13.98,4.2,3,25.25,88.97,2.12,3.33,1.42,1.85,5.09,1.34,2.86,600.23
B,13.86,4.32,3.15,24.79,88.71,1.91,1.89,0.76,2.18,7.69,1.59,3.83,587.5
B,13.26,4.72,3.23,24.91,88.28,1.68,2.93,0.69,2.96,5.4,1.3,3.19,633.83
B,13.26,4.57,2.59,23.82,86.23,2.56,2.81,1.12,2.64,7.18,1.06,2.35,569.31
B,13.59,4.55,3.16,24.6,91.04,1.79,2.74,1.29,2.38,5.72,0.86,3.35,678.24
B,13.39,4.16,3.1,24.01,87.94,2.37,2.46,1.36,2.25,6.18,1.24,3.18,602.02
B,13.95,4.57,3.3,23.16,88.83,2.06,1.83,0.63,3.07,5.84,1.34,2.64,515.86
B,13.11,3.94,3.15,25.27,91.16,2.49,1.9,1.07,2.34,5.02,1.8,3.35,678.09
B,12.73,1.2,2.98,18.64,95.09,3.04,2.72,0.38,3.61,4.59,1.59,3.7,705.18
B,12.12,1.73,2.89,20.24,103.78,3.16,3.95,0.53,3.27,5.88,0.99,4.78,597.6
B,12.23,1.73,2.82,19.1,102.74,2.82,3.35,1.09,3.62,4.88,1.07,3.96,660.09
B,11.95,1.31,3.57,18.74,98.33,2.3,2.31,0.77,2.61,3.15,1.5,4.57,714.68
B,12.03,1.35,3.56,19.86,98.32,2.5,3.1,0.5,3.33,3.48,1.18,3.38,698.97
B,12.24,1.27,2.6,20.13,100.11,2.44,3.18,0.69,2.54,5.49,1.79,3.86,687.91
B,12.4,1.47,3.01,20.35,101.78,2.23,2.72,0.38,2.38,5.62,1.6,4.68,577.41
B,12.32,1.04,3.37,19.78,98.56,2.36,3.68,0.86,3.59,5.68,1.48,4,591.8
B,12.19,1.59,2.97,19.15,102.54,2.99,3.97,0.84,4.23,4.45,1.07,3.81,570.83
B,12.05,1.49,3.39,18.31,99.54,2.22,3.71,0.55,3.75,4.09,1.73,3.91,690.73
B,12.75,1.2,3.47,20.34,98.26,2.89,2.84,0.6,2.74,3.83,1.55,3.53,621.99
B,11.89,1.27,3.52,20.01,94.07,2.88,2.96,0.88,3.41,4.95,1.54,4.31,662.19
B,11.95,1.46,3.14,19.16,97.35,2.32,2.86,1.01,2.56,4.98,1.01,3.55,673.88
B,12.11,1.88,3.36,19.54,98.41,2.74,2.77,0.53,3.38,4,1.15,3.34,679.34
B,12.1,1.71,3.53,19.78,95.61,3.16,2.57,0.58,3.57,3.87,0.85,3.43,703.76
B,12.2,1.28,3.03,20.84,96.05,2.55,2.53,0.33,3.43,4.86,0.83,4.58,640.97
B,11.89,1.16,3.09,20.32,102.66,3.1,3.87,0.29,2.58,5.9,1.13,4.57,594.63
B,12.33,1.51,2.59,18.13,97.2,2.52,2.5,0.46,3.13,4.03,1.47,3.49,688.27
B,11.84,1.14,3.57,19.24,97.44,2.26,3.72,1.22,3.05,5.48,0.97,5.04,550.92
B,11.87,1.36,2.88,19.63,100.32,2.4,2.27,0.98,2.83,3.28,1.15,3.53,581.78
B,12.96,1.08,3.22,19.89,106.74,2.71,3.58,0.98,1.74,3.76,1.31,4.33,460.21
B,13.12,1.23,2.81,19.14,100.64,2.26,3.31,1.07,1.94,3.61,2.01,4.82,511.08
B,12.98,1.77,3.03,18.61,107.27,2.26,2.5,0.72,1.98,3.05,1.38,4.8,562.79
B,13.42,1.14,2.27,20.48,105.56,2.96,3.01,0.6,1.49,5.13,1.66,4.53,592.87
B,12.87,1.49,2.27,18.28,106.13,2.26,2.33,0.84,1.5,3.08,1.89,4.99,590.05
B,13.59,1.68,2.41,19.89,99.15,3.15,2.64,0.4,2.47,3.76,1.83,4.19,601.33
B,12.98,1.87,2.42,20.07,107.41,3.14,3.49,1.22,3.29,5.57,1.88,3.36,472.6
B,12.92,1.46,2.3,18.51,107.6,2.28,3.8,0.46,3.19,4.45,1.92,4.76,503.69
B,13.44,1.77,2.88,19.94,102.48,2.59,2.65,0.5,1.8,4.47,2,3.37,523.37
B,13.16,1.6,2.54,18.6,105.26,2.68,3.23,0.58,1.64,5.5,1.47,5.13,639.14
B,12.81,1.59,2.26,20.43,99.49,2.63,2.92,0.85,3.38,3.07,1.31,4.49,478.76
B,13.23,1.71,2.27,20.6,103.87,2.83,3.63,0.37,2.75,3.09,1.79,3.82,527.67
B,12.84,1.93,2.45,18.74,102.02,2.57,2.44,0.75,1.97,2.71,1.75,4.71,571.32
B,13.43,1.78,2.92,18.88,105.08,2.9,2.88,0.77,2.21,4.73,1.84,3.91,496.3
B,13.65,1.61,2.39,19.38,100.37,3.04,3.62,1.03,2.04,3.31,1.51,3.6,499.5
B,12.69,1.18,2.41,20.93,105.11,2.6,3.86,1.22,2.83,5.1,1.8,4.69,625.47
B,12.73,1.88,3.2,18.08,106.13,2.3,1.98,0.67,2.29,4.14,1.81,4.23,624.09
B,12.99,1.71,3.02,19.31,103.68,3.18,2.01,0.7,1.96,2.63,1.32,5.14,533.28
B,13.07,1.9,2.89,20.26,100.88,2.77,3.1,0.4,1.65,5.34,2.11,4.81,461.93
B,12.74,1.07,2.46,18.69,102.66,2.63,3.57,1.26,1.78,3.36,1.53,3.33,544.91
B,12.69,2.55,2.51,23.32,99.09,1.97,2.01,0.63,1.72,3.25,1.9,3.1,595.7
B,12.7,1.98,3.31,23.28,94.87,2.36,3.29,1.25,2.02,3.6,1.82,3.65,508.88
B,12.33,2.09,2.45,23.55,93.08,2.52,3.08,0.54,2.2,5.17,2.26,4.25,625.17
B,12.53,1.62,3.11,24.48,93.5,2.19,2.17,1.14,2.94,2.56,1.75,2.62,578.83
B,12.4,2.1,2.64,23.5,94.35,2.31,2.63,0.64,2.31,3.94,1.48,3.13,677
B,13.01,2.37,3.24,25.75,92.84,2.4,3.08,1.19,3.55,4.3,1.45,3.61,495.63
B,12.95,1.93,2.99,23.08,98.62,2.61,1.9,0.66,2.37,2.68,1.79,4.14,510.28
B,13.14,2.45,2.73,24.83,97.01,2.11,2.21,0.92,3.08,3.51,2.29,3.38,501.01
B,12.53,1.73,2.87,24.95,99.7,2.74,2.16,1.18,3.41,3.19,1.93,2.33,562.86
B,12.87,2.16,2.86,23.73,90.7,1.79,1.7,1.38,2.45,5.26,2.23,2.6,591.74
B,12.56,2.13,3.01,23.09,96.07,2.53,2.27,1.14,1.96,4.29,1.56,3.63,639.85
B,12.71,2.18,2.62,23.1,98.57,2.24,3.46,1.01,3.55,3.7,1.52,3.77,682.97
B,13,1.98,3.15,25.78,97.89,1.81,2.76,0.72,2.2,2.74,1.53,3.76,641.79
B,13.04,2.26,3.22,25.13,95.49,1.91,2.78,0.75,3.12,4.93,2.19,3.53,501.08
B,12.37,2.29,3.05,24.61,91.14,2,2.89,1.41,2.94,2.86,1.86,2.34,603.35
B,13.15,1.67,2.45,25.22,93.7,2.6,2.28,0.5,3.34,3.13,1.64,4.16,526.38
B,12.99,2.53,2.45,24.81,92.51,2,2.99,1.02,2.7,3.45,2.12,3.33,664.74
B,12.35,2.59,2.62,23.12,95.63,2.13,2.37,0.6,2.17,4.67,2.2,2.31,675.83
B,12.41,2.21,2.88,25.65,91.15,2.33,2.15,1.43,2.75,4.52,1.92,2.66,556.8
B,13.14,2.21,2.62,24.88,95.65,2.62,2.05,1.02,2.23,4.45,2.3,3.49,526.4
B,11.88,1.96,3.33,26.02,90.26,1.97,1.99,1.3,1.81,2.92,1.36,4,715.51
B,12.37,2.6,2.68,26.93,89.67,2.28,2.42,0.75,1.9,2.61,1.42,3.81,618.04
B,12.47,2.42,3.56,28.9,89.86,2.49,1.94,0.72,2.62,4.67,1.88,3.72,685.45
B,11.88,2.42,3.05,28.84,91.18,2.6,2.67,0.56,2.46,3.15,1.97,4.9,713.64
B,11.94,1.91,2.95,28.8,93.61,2.38,2.66,1.13,1.87,4.66,2.08,4.35,711.6
B,11.8,1.88,3.24,27.85,97.35,2.42,2.57,1.38,2.84,4.29,1.52,3.22,666.61
B,12.43,2.09,3.29,26.17,97.14,1.99,2.17,1.3,2.74,3.46,2.14,4.21,681.73
B,11.98,1.72,3.59,28.54,93.26,2.05,3.46,0.59,3.33,4.17,1.83,3.7,690.63
B,12.44,2.19,3.07,26.35,91.04,2.53,2.22,0.74,3.02,2.83,1.84,3.75,639.41
B,11.93,1.84,3.5,27.27,91.85,2.14,2.8,1.06,2.22,4.49,2.14,4.9,578.71
B,12.13,2.55,2.86,27.48,89.22,2.83,2.87,1.14,2.96,4.8,1.52,5.19,584.6
B,11.92,2.25,3.3,27.38,97.21,2.75,2.85,1.32,2.86,3.08,1.44,4.03,574.84
B,12.65,2.61,3.49,27.54,97.12,2.81,2.76,1.24,2.89,4.07,1.39,3.81,674.67
B,12.6,2.2,2.68,26.13,96.28,2.32,2.64,1.35,1.98,4.71,1.98,3.44,609.93
B,12.48,2.47,2.95,27.74,94.64,2.39,3.53,1.15,2.14,5.58,1.9,3.87,741.95
B,12.29,2.04,3.2,27.62,92.65,2.23,3.55,1.18,2.59,5.1,1.95,4.07,677.98
B,11.85,1.98,3.54,28.3,93.15,2.7,2.78,0.65,1.71,3.2,1.61,3.53,680.03
B,11.99,2.17,3.37,26.18,93.93,2.92,2.65,0.82,1.92,3.75,2.12,3.43,650.91
B,11.7,1.69,2.78,26.01,93.12,2.67,3.25,0.45,1.6,2.61,1.43,3.55,604.99
B,12.64,2.23,3.02,26.34,88.24,2.46,2.5,1.17,2.12,3.52,2.3,5,586.64
B,12.32,2.07,3.24,24.11,87.46,2.58,2.47,0.51,2.37,3.28,1.98,3.12,684.89
B,11.74,2.3,2.99,23.9,88.91,2.71,2.7,0.91,1.74,4.83,1.27,3.54,800.65
B,12.08,2.2,3.05,21.65,84.78,2.26,3.59,0.56,1.45,5.65,1.82,3.82,773.4
B,12.55,2.29,3.4,22.32,89.79,2.91,2.1,0.92,2.46,3.75,1.84,3.29,787.23
B,12.52,2.62,3.04,23.47,89.26,2.1,1.75,0.98,2.93,3.94,1.01,4.66,744.87
B,12.28,2.98,2.86,22.96,89.37,2.54,2.79,1,2.1,3.25,1.76,3.29,809.59
B,11.91,2.48,3.01,22.47,84.5,2.77,2.92,1,2.13,4.19,1.88,3.87,717.52
B,12.49,2.67,3.37,24.22,84.49,2.76,3.05,0.83,2.53,3.15,1.43,3.31,790.53
B,11.98,2.55,3.45,22.78,89.56,2.65,3.03,1.11,2.04,4.34,1.4,2.81,824.07
B,11.84,2.46,2.79,22.74,84.97,2.07,3.68,1.23,2.67,2.95,1.39,4.55,830.94
B,12.51,2.97,2.96,22.56,87.65,2.82,2.84,1.31,2.5,4,1.47,4.58,840.33
B,12.48,2.3,2.54,23.79,92.03,2.46,2.98,1.4,1.99,3.63,1.74,2.81,869.81
B,12.62,2.76,3.25,21.65,87.27,2.42,1.92,0.5,2.68,2.98,1.85,3.3,856.64
B,12.14,2.76,2.7,24.2,93.22,2.9,3.03,1.02,2.29,3.14,1.73,4.14,876.18
B,12.11,3.04,2.51,24.24,87.58,2.18,2.33,1.11,1.53,3.46,1,3.51,877.79
B,12.08,2.16,2.58,22.26,84.75,2.77,2.47,0.58,3.31,4.24,1.3,3.61,739.1
B,11.95,2.5,2.64,22.46,89.13,2.9,3.36,1.24,3.07,5.17,1.13,4.2,809.29
B,12.28,2.54,2.9,23.05,92.73,2.54,2.14,0.77,1.48,4.76,1.78,2.87,714.63
B,12.08,2.88,3.38,23.57,84.8,2.86,2.04,1.38,1.38,5.62,1.12,4.38,837.69
B,11.88,2.42,2.48,23.55,93.77,2.24,2.72,1.13,2.29,4.77,1.3,3.12,753.49
B,12.32,1.64,2.39,24.39,78.51,2.91,3.31,1.09,2.77,4.13,1.17,3.67,645.14
B,12.93,2.27,3.14,25.87,72.35,2.75,2.95,0.75,2.26,1.97,2.06,4.29,775.05
B,12.95,1.86,2.31,25.99,73.57,3.12,2.27,0.56,2.85,2.94,1.36,4.14,743.04
B,13.05,1.89,2.35,25.35,75.56,2.85,3.38,1.34,3.28,1.93,1.41,4.83,739.22
B,12.6,1.74,2.56,23.98,72.53,2.97,2.02,0.74,1.7,3.51,1.46,4.16,722.65
B,12.73,1.96,3.1,26.53,78.64,2.78,2.03,0.51,1.5,4.12,1.48,4.17,731.72
B,12.24,2.03,2.76,25.21,78.88,2.98,1.59,0.48,2.54,2.39,1.68,3.66,723.8
B,12.49,2.14,2.63,23.83,71.49,2.43,3.51,0.85,1.82,4.68,1.35,3.91,666.35
B,12.69,2.32,2.52,25.09,73.58,3.14,1.6,0.49,2.6,3.27,1.11,3.46,718.59
B,12.41,1.79,2.96,26.41,76.26,2.86,3.26,1.01,3,3.71,1.49,4.75,697.4
B,12.98,2.21,2.6,23.67,72.96,2.45,1.84,1.26,2.17,2.89,1.12,4.09,749.7
B,12.83,1.35,3.23,26.31,79.73,3.1,2.36,0.8,1.7,2.08,1.96,4.69,685.39
B,12.89,1.67,2.48,25.75,79.57,3.01,1.68,0.59,2.84,2.75,1.84,4.86,666.66
B,12.49,2.1,2.4,25.44,77.25,2.45,1.87,1.4,1.61,2.58,1.86,4.74,689.08
B,12.7,1.64,2.5,25.33,76.12,2.85,2.64,1.29,1.64,3.43,1.62,5.1,785
B,12.09,1.94,3.12,25.95,78.84,2.59,3.03,1.19,1.88,3.7,1.41,3.87,733.56
B,12.28,2.04,2.94,24.08,72.66,2.54,3.49,1.29,2.48,2.67,1.39,3.35,655.06
B,12.29,1.79,2.86,25.1,70.34,2.3,1.61,1.35,2.15,1.92,2.04,4.71,690.55
B,12.83,1.88,3.08,25.29,78.17,2.75,1.65,1,2.08,4.03,1.7,3.44,810.26
B,12.25,1.35,3,24.47,70.13,2.83,3.37,0.75,2.03,4.05,1.5,3.28,741.18
B,12.67,1.95,3.14,19.11,89.1,1.85,3.05,1.15,1.74,5.38,1.66,3.87,480.4
B,12.66,2.34,2.4,21.27,90.31,2.04,2.11,0.75,3.51,4.48,1.87,4.01,613.64
B,12.56,2.42,3.3,20.52,82.95,1.69,3.35,1.27,1.96,4.61,1.75,2.73,676.58
B,12.73,1.97,2.55,21.2,85.73,1.65,1.87,0.86,3.57,4.73,1.72,3.19,592.61
B,12.54,2.01,2.66,20.4,88.17,1.98,3.35,0.82,3.03,3.14,1.29,3.15,547.33
B,13.04,2.05,2.87,18.64,82.28,2.34,1.75,1.42,2.14,3.61,1.58,2.89,485.67
B,12.63,2.57,2.46,20.12,87.95,2.23,1.7,0.68,3.13,4.63,1.31,3.01,543.22
B,12.96,1.92,3.04,18.86,84.77,2.23,3.19,1.44,3.5,4,1.42,2.56,544.26
B,12.73,2.41,2.47,19.15,89.08,2.42,2.66,0.98,3.41,3.82,1.39,3.39,620.54
B,12.43,2.08,2.9,18.58,89.25,1.87,2.64,0.78,1.95,4.27,2.03,3.69,656.1
B,12.49,2.48,3.15,20.76,84.33,1.61,3.08,1.49,3.52,3.55,1.97,3.52,588.65
B,12.2,1.99,3.02,21.39,89.52,2.49,1.91,1.06,3.02,3.23,2.08,3.86,549.29
B,12.11,1.84,2.74,19.66,86.2,2.02,3.3,1.09,2.77,2.61,1.89,2.52,548.41
B,12.73,2.45,2.52,18.51,88.69,2.48,2.4,0.89,2.78,3.56,1.3,3.76,534.27
B,12.2,2.18,2.35,20.97,83.41,2.18,2.29,0.71,2.74,3.54,1.58,3.13,536.94
B,12.25,2.14,2.34,19.88,90.12,2.5,2.87,0.53,2.63,4.72,1.64,2.92,604.56
B,12.63,2.44,3.29,20.31,86.28,1.64,1.98,0.65,2.11,3.32,2,2.72,615.16
B,12.31,2.32,2.77,19.26,87.45,1.75,1.89,1.17,3.29,2.52,1.1,3.81,551.03
B,12.96,2.28,3.04,21.02,85.98,2.55,1.93,1.03,2.7,2.71,1.6,2.98,533.79
B,12.8,2.67,2.6,18.65,85.45,2.53,1.62,1.51,2.91,3.91,1.83,2.95,502
B,12.39,1.52,3.28,24.12,93.31,1.67,1.47,1.03,3.47,3.71,1.88,3.09,540.09
B,12.09,1.91,2.92,23.08,88.57,2.41,2.01,0.89,2.03,4.04,1.69,3.75,555.97
B,12.04,1.69,3.39,24.18,86.01,2.01,2.68,0.89,3.14,4.45,1.67,3.37,564.4
B,12.16,2.31,2.8,24.7,94.08,2.02,1.67,0.85,2.88,4.52,1.94,4.29,470.81
B,12.79,1.59,2.98,22.02,92.9,1.79,2.59,0.71,3.5,6.08,1.75,3.26,623.9
B,12.18,2.11,3.13,22.09,92.12,2.25,2.58,1.08,1.8,4.27,2.05,4.65,589.91
B,12.98,1.54,2.96,22.94,93.35,1.82,2.36,0.65,3.12,6.56,1.79,3.38,524.2
B,12.92,2.1,3.09,22.76,93.76,2.03,2.92,1.19,2.91,6.31,1.29,4,548.9
B,12.81,2.46,3.34,22.24,94.55,1.87,2.86,0.71,2.94,6.55,1.51,4.52,471.66
B,12.73,2.29,3.39,24.41,91.07,1.87,2.63,0.96,1.99,3.89,1.08,3.33,508.78
B,12.06,2.12,3,24.91,88.95,1.98,2.58,0.74,1.97,4.37,1.51,3.9,484.31
B,12.75,1.69,3.28,22.09,93.96,1.53,2.68,0.85,1.65,4.76,1.75,2.7,484.31
B,12.94,1.76,2.58,22.75,86.5,2.12,2.32,0.95,2.77,4.65,1.36,4.51,528.64
B,12.62,1.66,3.03,24.09,88.63,1.75,1.63,0.97,2.47,3.69,1.07,3.25,621.91
B,12.35,2.01,3.28,24.61,95.76,1.71,1.61,1.28,3.4,4.13,1.93,3.36,647.68
B,12.71,1.82,2.93,23.3,92.75,2.36,1.91,0.96,1.91,4.7,1.12,4.65,619.47
B,12.83,2.17,3.13,24.72,92.91,1.88,1.66,0.94,2.68,5.19,1.63,3.11,577.26
B,12.94,1.93,2.78,23.8,91.76,2.39,1.98,0.67,1.72,5.93,1.35,4.35,481.02
B,12.41,1.82,2.89,24.15,89.58,2.09,1.64,0.73,1.69,5.66,1.48,4.52,615.54
B,12.03,2.42,3.05,23.06,86.52,1.98,1.82,1.21,3.21,5.36,1.72,4.58,600.63
B,12.92,2.38,2.9,20.71,87.08,2.2,1.53,1.11,2.63,5.02,1.45,2.99,662.09
B,12.78,1.83,2.93,22.1,88.72,1.83,1.63,0.68,3.62,3.43,1.77,3.28,572.03
B,13,2.36,2.58,22.75,89.61,1.99,2.51,1.23,2.07,4.24,1.94,3.46,513.51
B,12.99,1.9,2.4,23.31,89.04,2.01,2.59,0.95,3.15,5.55,1.23,3.89,535.46
B,13.2,2.39,3.01,22.69,82.38,2.03,3.3,1.1,1.97,4.97,1.64,3.32,643
B,12.91,2.05,3.11,23.26,88.5,2.38,3.23,1.4,1.95,3.42,1.95,3.25,568.23
B,12.76,2.11,2.65,23.48,84.76,1.95,2.2,1.17,2.17,3.37,1.75,3.71,683.24
B,13.62,1.92,3.09,21.87,86.66,1.55,2.54,0.84,2.12,5.53,1.08,3.2,591.41
B,13.65,2.05,2.95,20.73,85.17,1.43,3.1,1.52,2.95,5.8,1.92,3.33,656.68
B,13.03,2.22,3.03,20.87,84.58,1.8,1.55,1.32,3.19,3.71,1.81,2.31,496.47
B,13.28,2.26,2.62,20.89,82.61,1.52,3.21,1.2,1.8,3.49,1.46,2.16,536
B,13.32,1.57,2.8,21.29,88.36,1.82,2.05,1.56,1.7,5.1,1.34,3.07,595.62
B,13.69,1.9,2.5,22,87.26,1.79,2.77,0.68,3.55,3.69,1.15,2.75,675.07
B,12.98,2.39,2.38,21.22,83.55,1.45,2.84,1.27,3.24,6.01,1.34,3.09,592.31
B,12.74,2.07,2.35,21.16,84.06,1.39,2.65,0.59,2.08,5.04,1.96,2.25,680.96
B,12.85,2.22,2.69,21.91,88.84,1.81,2.18,0.58,3.37,4.16,1.71,2.47,624.07
B,13.16,1.57,2.73,21.45,80.22,2.26,1.83,1.18,2.7,5.57,1.57,2.38,508.09
B,12.95,2.52,2.64,23.12,83.34,2.08,1.83,1.51,1.75,5.42,1.7,3.67,519.11
B,12.93,1.55,2.31,20.76,83.42,1.73,2.4,1.54,1.81,5.97,1.73,4,664
B,12.93,2.24,2.33,21.5,83.62,1.59,3.17,1.01,3.53,5.18,1.83,3.06,650.55
B,12.75,3.4,3.01,20.29,97.27,3.14,4.07,0.92,3.97,4.93,1.53,4.45,424.45
B,12.29,3.64,2.59,19.06,94.03,2.69,2.63,0.92,2.32,4.06,1.84,3.37,334.8
B,12.98,3.83,2.57,19.15,94.89,3.14,2.62,0.56,2.61,4.2,2.02,4.74,409.64
B,13,3.46,2.28,18.57,90.29,2.72,2.74,0.78,2.35,4.14,1.7,5.15,339.79
B,13.02,3.1,2.78,19.3,96.2,2.48,2.87,1.08,2.63,4.01,1.85,3.71,446.3
B,12.34,3.7,2.43,20.81,90.04,3.29,3.4,0.68,3.45,2.31,1.6,4.15,486.28
B,12.69,3.19,3.04,20.92,93.73,2.46,3.26,0.92,2.76,3.15,1.95,4.22,485.72
B,12.38,3,2.79,18.79,92.88,3.11,2.93,0.28,3.48,4.62,1.18,4.48,435.47
B,12.68,3.02,2.67,18.05,95.56,3.21,4.08,0.64,3.18,3.55,1.95,5.16,403.86
B,12.63,2.9,2.4,19.7,95.62,2.55,3.51,0.78,2.49,3.43,1.8,3.64,473.68
B,12.39,3.49,2.77,20.14,90,3.12,2.87,0.73,2.66,3.46,1.29,4.04,416.21
B,12.68,2.97,2.35,18.54,92.49,2.69,4.22,0.68,2.93,4.23,1.33,3.46,299.13
B,12.75,2.99,3.21,18.19,96.37,3,2.35,0.85,3.33,3.5,1.74,4.04,387.06
B,12.51,3.27,2.45,18.14,91.26,3.25,3.37,0.52,2.27,3.06,1.46,3.63,298.38
B,13.25,2.88,3.13,18.33,90.48,2.57,3.7,0.29,2.17,3.9,2.02,4.36,403.18
B,12.62,3.42,3.2,18.24,96.12,3.35,3.47,0.74,2.14,4.13,1.56,4.71,334.19
B,13.05,2.9,2.47,20.13,96.27,2.88,2.72,0.38,2.37,3.59,2.12,4.79,310.55
B,12.31,3.2,3,19.8,94.77,2.85,2.34,0.79,3.26,2.33,1.44,4.43,424.45
B,13.16,3.23,2.9,19.74,92.47,2.64,2.48,0.77,3.33,3.69,1.6,3.7,337.33
B,12.7,3.52,2.93,20.29,97.11,2.87,4.06,0.91,3.08,2.37,1.88,4.64,407.63
B,12.38,2.65,2.39,18.45,104.84,3.74,3.75,1.08,1.68,4.73,1.38,4.38,452.35
B,12.07,2.13,2.33,19.67,101.56,3.82,2.84,0.77,2.72,3.7,1.75,4.16,486.08
B,12.13,2.92,2.97,20.32,102.29,3.21,3.26,1.1,1.58,5.78,1.63,4.32,404.57
B,11.71,2.92,3.05,20.02,105.87,3.67,4.1,0.94,1.68,4.87,1.39,3.04,532.18
B,12.26,2.24,2.59,18.18,98.65,3.7,3.08,1.09,1.52,4.22,2.04,3.7,390.1
B,12.28,2.23,2.79,18.87,104.49,3.07,2.7,0.56,2.44,5.79,1.5,2.97,531.19
B,11.69,2.01,2.28,18.47,106.1,3.67,3.89,0.18,1.67,6.09,2.03,3.36,436.59
B,11.88,2.62,2.3,18.97,104.11,3.04,3.29,0.57,1.67,5.29,1.87,3.38,513.7
B,11.64,2.12,2.86,19.21,104.43,3.05,4.12,0.72,2.45,4.1,1.84,3.67,504.35
B,12.59,2.17,2.58,20.31,98.45,3.61,3.92,0.18,3.07,3.42,1.22,3.75,471.1
B,12.29,2.08,2.31,19.87,107.18,3.11,3.4,0.34,1.66,4.5,1.49,3.86,346.34
B,12.52,2.86,2.88,18.98,99.76,3.96,3.35,0.23,1.75,6.1,1.76,4.69,379.09
B,11.68,2.58,2.58,20.47,101.56,3.51,3.39,0.56,1.42,5.1,1.44,4.25,407.95
B,11.74,2.07,3.24,19.52,100.33,3.99,3.67,0.99,1.8,6.14,1.41,3.6,399.9
B,12.6,2.55,3.24,20.76,104.55,3.6,3.8,0.76,3.31,4.32,2.14,3.81,466.59
B,12.62,2.84,2.59,19.78,101.79,3.5,3.98,0.83,1.97,3.5,2.07,4.42,367.97
B,12.41,2.47,2.86,19.78,107.63,3.82,3.37,0.93,2.47,5.38,1.27,4,365.02
B,12.17,2.02,2.29,18.81,101.85,3.03,3.03,1.16,2.95,3.88,1.72,3.37,348
B,11.7,2.29,2.33,19.62,101.79,3.44,2.79,0.36,2.71,4.87,1.44,4.08,515.16
B,12.17,2.75,2.73,20.14,99.62,3.24,2.51,0.26,1.55,4.9,1.48,3.88,534.77
B,13.13,1.97,3.17,19.06,166.29,2.76,3.01,1.06,4.76,4.76,1.89,3.78,1050.94
B,12.57,2,2.34,19.33,169.26,2.81,3.07,0.53,4.57,4.14,1.95,4.24,967.01
B,13.38,2.34,3.17,19.59,164.93,3.34,2.66,1.13,3.51,3.71,1.63,3.69,1050.35
B,12.53,1.9,2.9,20.45,162.76,2.52,2.29,0.77,4.06,3.99,1.44,3.97,1023.02
B,12.52,1.61,2.82,19.29,171.61,3.2,3.45,0.66,3.34,3.81,1.99,3.13,1097.62
B,12.72,2.26,3.2,21.47,163.41,2.64,3.81,1.01,5.22,3.88,1.64,4.03,996.81
B,12.68,2.48,2.77,19.94,163.32,2.7,3.64,0.47,4.87,4.47,1.75,3.06,980.11
B,12.58,2.38,2.67,20.28,163.57,3.49,4.07,0.91,3.58,4.54,2.12,3.2,1043.06
B,12.67,2.05,2.5,20.3,163.7,2.65,2.92,1.24,3.95,3.29,1.8,4.58,1000.68
B,13.13,1.95,2.76,20.39,163.35,3.14,4.03,1.31,3.89,2.67,1.44,4.47,1009.41
B,13.39,2.24,2.52,21.82,169.26,3.07,3.78,0.81,4.38,5.08,2,2.83,964.41
B,13.11,1.74,3.19,20.89,171.57,2.74,3.36,0.59,4.6,5.1,1.74,3.1,1094.21
B,12.82,1.55,2.63,19.92,169.06,2.72,2.28,0.95,4.51,4.3,1.29,3.09,1107.55
B,13.14,2.34,2.33,19.02,171.42,2.71,2.67,1.11,3.48,4.8,1.21,2.63,1082.6
B,13.25,1.7,2.93,21.87,169.53,2.84,3.06,1.3,4.78,3.71,1.68,4.6,1034.09
B,13.19,2.05,2.4,21.01,169.92,2.75,2.46,0.65,4.52,4,1.3,3.59,1125.59
B,13.28,1.78,2.42,21.29,166.68,3.05,2.67,0.67,3.81,4.91,1.82,2.85,1064.21
B,13.45,2.25,3.13,20.54,163.69,3.41,3.78,0.42,5.19,4.45,1.55,4.01,1102.64
B,13.34,2.1,2.29,19.57,162.48,2.56,2.48,0.43,4.47,2.95,1.73,2.87,1082.54
B,13.1,1.8,3.12,20.46,165.25,3.48,2.82,0.43,3.85,3.82,1.21,4.43,1068.15
B,12.71,2.83,3.46,23.19,135.59,2.57,1.63,1.1,3.48,3.46,1.16,3.21,657.78
B,12.57,2.92,2.79,21.86,138.79,1.63,2.06,0.64,2.79,3.86,1.39,3.96,677.85
B,12.75,3.06,3.15,21.86,136.61,2.24,2.42,0.95,3.25,2.73,0.96,2.28,786.14
B,12.1,2.79,3.59,23.43,139.8,2.48,1.18,0.49,1.87,5.47,1.57,4.06,645.42
B,12.66,2.68,2.99,23.92,137.3,1.9,2.3,0.82,3.15,3.06,1.1,3.65,703.94
B,12.07,2.27,3.16,21.58,140.52,2.09,1.6,0.88,2.69,5.16,1.79,3.86,627.8
B,12.21,3.09,3.18,22.34,141.09,2.39,1.46,1.13,2.31,4.39,1.68,3.14,634.33
B,12.18,2.51,3.21,22.88,140.84,2.07,1.52,0.52,2.37,4.74,1.02,3.79,696
B,12.75,2.56,3.59,24.14,139.3,1.7,2.14,0.32,2.77,3.14,1.09,2.27,714.99
B,12.02,2.72,2.87,24.17,143.88,2.52,2.51,0.58,2.29,3.13,1.09,2.96,796.62
B,12.58,2.95,3.4,23.31,141.47,2.46,2.71,0.27,3.27,3.45,1.56,2.7,781.71
B,11.97,2.76,3.24,24.14,139.34,2.44,1.82,0.57,1.6,5.25,1.35,4.12,652.79
B,12.23,2.16,3.48,22.92,138.12,1.96,1.82,0.92,2.25,3.31,1.52,3.15,822.23
B,12.75,2.84,3.17,23.91,137.65,1.75,2.83,0.85,3.27,4.2,1.15,3.8,757.24
B,12.78,2.14,3.19,22.37,139.69,2.54,1.56,0.94,1.62,4.11,1.36,2.94,629.74
B,12.76,2.75,3.28,21.97,135.4,1.62,1.85,0.68,1.93,3.7,1.14,2.27,725.78
B,11.87,2.43,3.54,23.36,142.98,2.58,1.31,0.38,2.21,4.8,1.33,2.45,670.46
B,12.55,2.77,2.77,24.48,134.02,1.72,1.44,0.78,3.14,3.25,1.31,3.57,731.31
B,12.04,3.1,3.03,21.68,139.41,2.06,2.6,0.3,3.26,2.83,1.83,4.25,746.84
B,12.33,2.28,3.69,23.97,139.5,1.86,1.44,0.33,2.19,3.33,1.22,3.58,645.54
B,12.91,2.31,2.35,16.11,86.36,3.2,4.37,0.54,2.77,3.23,1.58,4.65,533.99
B,12.75,2.2,2.3,16.85,90.95,3.09,3.06,0.93,1.83,3.39,1.9,4.03,495.83
B,12.61,2,2.4,16.26,93.49,2.88,3.18,1.11,3.68,5.85,2.05,3.37,484.07
B,12.97,1.81,2.4,17.15,86.67,3.16,3.52,1.14,2.64,5.67,2.22,2.94,613.04
B,12.65,2.31,2.87,17.93,85.04,3.06,4.29,0.78,2.26,3.85,1.33,4.3,453.81
B,12.53,1.89,2.67,18.18,85.67,3.1,2.57,0.43,3.46,5.15,2.22,4.71,474.53
B,13,2.03,2.75,18.34,91.54,3.27,2.62,0.42,2.62,3.57,2.09,3.43,598.56
B,12.93,1.79,2.78,16.62,85.13,3.22,3.79,1.11,2.64,4.37,2,4.34,488.31
B,12.52,2.12,2.07,18.47,85.31,2.8,3.59,0.51,1.98,5.36,2.11,2.75,617.51
B,13.14,1.95,2.35,16.7,85.5,3.42,2.6,0.71,2.11,4.81,1.23,4.64,610.67
B,12.59,2.33,2.74,16.22,93.71,3.28,2.89,0.73,2.24,3.36,1.88,2.95,457.99
B,12.78,1.81,2.85,16.25,94.61,3.04,3.05,0.94,2.71,4.55,2.05,4,596.76
B,12.93,2.05,2.31,17.61,91.46,3.07,2.58,1.16,3.72,4.46,1.88,3.6,455.41
B,13.09,1.98,2.78,17.91,86.15,3.2,2.62,1.06,3.03,5.05,2.23,2.96,445.12
B,12.87,1.9,2.24,16.17,87.14,3.03,4.1,1.22,2.15,4.62,1.44,4.21,480.57
B,12.85,2.11,2.87,16.62,90.17,2.82,4.18,0.94,3.69,3.83,1.65,4.64,505.31
B,12.96,1.91,2.59,18.46,90.13,3.17,3.98,0.96,2.56,5.58,1.94,4.22,490.42
B,12.83,2.16,2.68,18.82,87.08,3.19,3.26,0.81,3.39,5.33,1.67,3.73,552.99
B,13.21,1.45,2.14,17.09,86.19,3.05,4.15,0.42,2.86,3.46,2.12,3.01,498.42
B,12.98,2.21,2.25,17.7,85.49,2.74,3.59,1.22,2.97,4.16,1.24,4.29,475.89
B,12.9,1.78,2.15,20.45,97.67,3.89,5.61,0.83,3.56,4.65,1.82,4.19,676.43
B,12.53,1.23,2.85,18.55,93.36,3.7,4.21,1.16,1.98,5.18,1.65,3.02,775.47
B,12.74,1.46,2.36,20.71,95.11,4.12,4.94,1.2,3.3,4.75,1.79,3.05,696.83
B,12.86,1.75,2.65,19.7,88.32,3.76,4.72,0.83,3.23,6.96,1.72,4.38,671.58
B,12.53,1.9,2.88,21.4,96.9,4.09,4.07,0.92,3.63,6.58,1.96,2.82,773.04
B,12.76,1.75,2.96,20.5,89.68,3.52,4.76,0.75,3.23,6.25,1.21,2.91,702.96
B,12.48,1.56,2.42,20.59,93.75,4.5,5.12,0.93,2.7,7.49,1.83,3.22,784.53
B,12.53,1.32,2.85,19.86,89.88,3.65,5.45,0.37,2.27,5.76,1.64,4.31,783.7
B,13.23,1.87,2.37,18.76,96.44,4.38,3.96,0.55,2.96,7.47,1.42,3.68,817.26
B,12.43,1.55,2.22,19.9,91.46,4.42,3.85,0.89,2.18,4.73,1.37,3.13,812.48
B,12.83,2.01,2.71,20.59,94.94,4.45,4.57,0.4,3.28,6.56,1.22,4.48,785
B,13.03,1.8,2.94,20.84,88.25,4.15,4.72,0.88,3.83,6.68,1.93,4.07,702.68
B,12.42,1.58,2.47,19.07,94.12,4.3,5.11,0.39,2.4,6.85,1.99,4.3,770.53
B,12.61,1.58,2.97,20.54,97.81,3.92,3.8,1.14,2.64,6.31,1.27,3.3,843.9
B,12.54,1.74,2.5,18.77,93.97,3.84,4.55,0.37,3.21,5.19,1.88,4.61,788.79
B,12.97,1.31,2.63,20.53,92.74,4.13,4.63,1.15,2.03,6.88,1.85,3.88,790.75
B,13.17,2.04,2.64,19.74,95.82,4.07,5.4,0.67,2.61,5.47,1.55,3.47,818.67
B,12.65,1.43,2.32,19.13,88.08,3.74,4.94,1.2,3.45,4.71,1.04,3.78,841.26
B,12.93,1.89,2.81,20.32,97.86,3.93,4.14,0.98,2.68,5.71,1.59,3.3,784.78
B,13.33,1.53,2.38,19.95,94.13,4.13,5.38,0.45,3.81,6.2,1.25,3.91,737.19
B,13,3.7,2.33,20.75,93.24,3.23,4.56,0.7,3.3,3.92,1.61,3.28,539.66
B,12.8,3.49,2.49,18.64,89.13,2.98,4.82,1.4,3.27,5.28,2.07,4.47,504.26
B,12.94,3.81,2.29,18.19,96.47,3.59,3.94,1.41,4.38,2.61,1.93,4.61,431.09
B,12.69,3.51,3.13,20.68,95.98,2.91,4.46,1.14,3.51,5.3,1.5,3.47,485.67
B,13.2,3.72,3.09,19.85,93.25,3.13,3.29,0.61,3.82,3.1,1.88,4.42,448.29
B,13.04,3.56,2.61,20.21,93.57,2.88,4.43,0.93,4.42,3.89,1.48,3.15,590.54
B,13.28,3.77,2.27,18.14,89.71,3.64,3.74,0.52,4.1,4.57,1.69,2.84,594.66
B,12.63,3.23,2.83,18.43,93.63,3.61,4.26,0.77,3.66,3.6,2.28,4.13,426.39
B,12.33,3.33,2.77,19.72,88.22,3.21,3.64,0.79,3.92,5.06,1.85,4.8,552.76
B,13.14,3.65,2.8,19.07,94.85,3.44,4.1,1.15,3.37,3.32,2.34,3.36,521.9
B,13.22,3.7,2.38,18.89,89.02,3.79,3.52,0.72,4.39,3.74,2.41,4.78,519.28
B,13.25,3.74,3.12,20.56,91.9,3.41,4.27,1.13,4.01,3.03,1.78,3.88,523.28
B,12.5,3.55,2.77,20.55,93.06,3.67,4.89,1.19,2.98,3.12,1.7,3.43,596.14
B,12.8,3.9,2.83,19.24,91.99,3.62,3.15,0.94,4.16,3.81,2.12,3.51,444.66
B,12.93,3.19,3.04,19.49,93.05,3.4,3.48,1.41,2.95,4.63,1.43,3.47,416.56
B,12.95,3.9,2.6,18.31,91.14,3.47,3.77,0.78,3.18,5.06,2.02,4.66,542.56
B,13.21,3.37,2.35,18.01,97.25,3.52,3.04,0.91,4.1,5.27,2.4,4.65,415.11
B,13.18,3.72,2.68,20.66,96.27,3.67,4.44,0.89,2.88,3.58,1.81,3.18,462.49
B,12.51,3.66,2.91,20.15,94.32,3.62,4.09,0.47,3.22,3.86,2.02,3.94,546.2
B,12.51,3.45,2.52,18.24,96.47,3.2,3.34,1.17,3.32,2.33,2.39,4.67,416.58
B,12.76,2.13,2.03,18.15,101.06,2.53,2.36,0.34,2.6,3.93,1.91,4.5,815.49
B,12.42,2.62,2.23,19.45,106.7,3.05,3.87,1.08,2.24,4.56,1.78,3.72,806.44
B,12.92,2.21,2.43,17.53,104.97,3.16,2.97,1,2.84,5.99,1.86,4.7,735.92
B,12.48,2.2,2.06,20.2,99.38,2.58,3.87,0.96,1.6,4.16,1.58,4.47,838.96
B,12.36,2.42,2.14,19.36,100.81,3.19,3.77,0.46,1.45,3.3,1.48,4.05,881.59
B,12.84,2.48,2.03,19.48,104.67,2.46,3.75,1.08,3.3,5.67,1.69,4.16,755.49
B,12.11,3.02,2.43,17.99,105.29,3.22,2.97,0.5,2.27,3.35,1.51,3.58,740.82
B,12.18,2.09,2.47,19.68,97.65,2.56,2.7,0.8,1.42,5.41,2.25,3.1,758.56
B,13.07,2.95,2.5,17.54,105.28,2.82,4.1,0.53,1.42,5.09,2.24,4.54,727.03
B,12.67,2.61,2.35,18.63,103.4,2.26,2.8,0.78,1.54,3.71,1.8,3.29,825.76
B,12.37,3.08,1.72,18.81,105.56,2.68,3.81,0.59,2.52,4.84,1.67,4.63,750.85
B,12.56,2.65,1.97,19.31,106.53,2.44,3.86,0.58,3.14,3.46,1.58,3.72,834.65
B,13.01,2.36,2.1,19.55,105.62,2.72,2.83,1.12,1.83,5.71,1.49,3.54,839.09
B,12.13,2.6,2.67,19.81,100.71,2.3,3.97,0.6,2.89,5.08,2.02,4.73,832.41
B,12.69,2.84,2.46,18.42,98.05,2.9,2.32,1.04,2.79,3.51,1.59,4.95,819.41
B,12.16,2.09,2.38,19.1,99.04,2.66,2.94,1.14,2.52,5.53,1.48,4.37,820.84
B,12.67,2.28,1.93,20.05,99.95,2.96,3.68,0.79,2.14,4.38,1.78,4.28,815.97
B,12.18,2.37,2.46,20.38,100.81,3.14,4.1,0.45,1.94,5.68,1.36,3.37,889
B,12.28,2.13,2.7,20.27,106.31,2.4,2.18,1.11,2.07,4.51,1.86,4.76,740.67
B,12.17,2.3,2.32,18.03,101.01,2.51,3.58,0.3,2.63,4.64,1.37,3.38,774.43
B,13.28,1.98,2.19,20.26,97.96,2.16,1.36,1.1,3.13,3.49,1.1,3.96,734.28
B,13.11,1.39,2.08,19.86,93.74,2.16,1.88,1.1,3.22,3.35,1.48,3.94,647.2
B,13.15,2.14,2.85,21.46,95.75,2.08,2.2,0.88,2.96,4.82,1.99,4.36,563
B,13.3,1.87,2.53,21.49,92.12,1.82,2.84,1.11,2.32,2.63,1.66,4.03,583.88
B,13.54,1.46,2,20.02,96.56,1.81,3.14,0.48,3.11,4.91,1.7,4.64,655.74
B,13.11,1.97,2.67,20.09,88.62,1.81,2.27,0.7,2.78,2.62,1.65,3.75,747.24
B,13.01,1.61,1.95,19.65,88.71,2.35,2.78,0.44,1.44,3.98,1.97,3.73,571.18
B,12.76,1.45,2.06,19.87,90.46,2.45,2.84,0.62,1.64,3.3,1.23,2.78,703.97
B,12.74,1.87,2.4,19.3,91.38,1.75,2.29,0.51,1.48,4.2,1.39,3.11,661.61
B,13.38,1.75,2.15,19.5,94.75,2.43,2.97,0.49,1.37,4.15,1.04,3.64,661.68
B,13.04,1.39,2.07,19.37,88.6,1.9,2.17,1.28,2.66,3.19,1.61,4.15,572.26
B,12.82,1.39,2.52,20.12,91.36,1.67,1.98,0.6,1.73,4.32,1.34,3.18,613.95
B,13.25,1.57,2.17,21.25,88.27,2.4,2.76,0.73,3.13,4.3,1.3,4.59,716.29
B,13.58,1.54,2.17,21.31,90.04,2.27,2.56,0.89,1.67,4.28,1.92,4.7,587.38
B,12.88,1.49,2.25,18.96,90.65,1.74,1.94,0.42,1.75,5.13,1.21,3.43,564.08
B,12.65,2.23,2.06,20.3,93.02,2.28,2.22,0.34,1.52,5.04,1.21,2.82,643.02
B,12.79,1.81,2.42,20.46,90.45,1.77,2.25,1.18,2.66,4.3,1.82,3.68,672.13
B,12.62,2.2,2.89,20.25,89.83,2.45,1.89,0.85,2.72,4.38,1.75,3.54,631.96
B,13,1.42,2.35,20.29,91.2,1.79,1.46,0.47,3.23,4.98,1.89,3.02,624.36
B,13.38,2,1.97,19.53,94.55,1.71,1.39,0.82,1.76,3.6,1.93,3.36,593.27
B,13.08,2.83,2.91,22.36,100.21,3.21,2.17,0.64,3.29,3.67,1.69,5.01,444.31
B,13.19,3.05,2.76,24,105.88,2.72,3.8,1.23,1.33,5.69,1.14,4.74,629.96
B,13.02,2.67,2.47,23.48,100.2,3.48,2.18,1.26,1.56,4.24,1.31,3.76,453.33
B,12.54,3.08,2.48,23.27,103.74,2.99,2.69,0.59,2.66,5.42,1.08,4.23,464.78
B,13.08,2.48,2.98,21.4,100.42,3.31,3.39,0.4,1.68,4.14,1.52,3.48,565.68
B,12.44,3.21,2.48,21.61,100.4,2.99,3.14,1.31,2.04,4.48,1.63,4.65,562.49
B,12.7,2.85,3.02,22.51,99.54,3.16,2.87,0.74,3.04,4.69,0.84,4.9,561.33
B,12.52,2.87,3.26,23.86,99.33,2.9,3.16,1.16,1.83,5.34,0.88,4.62,492.22
B,13.2,2.86,2.88,23.25,103.78,3.11,2.73,0.57,2.6,5.04,1.17,5.12,536.78
B,12.51,2.72,2.96,23.45,99.37,3.08,3.12,0.9,2.04,3.51,1.66,3.58,548.6
B,13.32,2.93,2.51,22.81,99.16,3.26,2.43,0.78,2.19,4.33,1.62,4.49,560.28
B,12.39,2.73,3.3,21.1,100.85,3.08,3.68,0.96,2.76,4.4,1.49,4.96,457.48
B,13.22,2.76,2.48,21.94,101.3,3.18,2.15,0.41,3.1,5.27,0.91,5.3,524.22
B,13.22,2.54,2.48,21.91,105.11,2.7,4.09,0.76,2.32,3.44,0.81,3.92,597.07
B,12.95,2.64,2.62,23.5,99.7,3.17,3.42,0.98,1.7,5.48,0.89,4.8,632.15
B,13.11,2.54,2.51,23.57,103.77,3.5,3.77,1.28,2.41,5.45,1.41,4.85,454.22
B,12.74,2.87,3.12,22.94,102.56,2.67,3.77,0.45,2.21,3.37,0.95,3.62,620.5
B,12.47,2.73,3.11,21.11,99.72,2.77,3.48,1.02,2.01,4.62,1.14,4.67,456.14
B,13.14,3.1,3.27,23.43,103.14,3.25,2.43,0.54,2.59,4.09,1.6,3.57,610.52
B,13.08,3.16,2.95,23.57,107.1,2.94,3.42,1.19,2.61,3.19,1.06,5.06,604.58
B,12.75,1.95,2.24,21.92,94.92,2.6,1.76,1.23,1.76,3.47,1.02,3.19,459.18
B,11.84,1.96,2.06,21.26,88.23,3.47,3.32,1.03,2.82,2.35,1.6,4.34,503.67
B,12.53,1.95,2.45,22.08,88.55,2.73,3.52,1.05,1.79,4.03,1.68,2.83,431.11
B,12.47,2.68,1.97,22.2,89.21,3.05,2.11,1.36,2.87,4.03,0.96,3.38,511.44
B,11.94,2.45,2.6,22.46,90.05,3.22,2.34,1.29,1.61,3.16,1.55,3.97,519.86
B,12.13,1.87,2.85,21.46,86.11,3.12,3.59,0.39,1.8,4.68,1.38,4.21,472.97
B,12.61,1.99,2.21,21.55,91.02,2.58,3.35,1.15,2.15,3.2,1.88,2.81,565.59
B,12.01,2.34,2.22,21.63,88.82,3.4,2.69,0.58,2.89,4.03,1,3.49,476.52
B,12.71,2.59,2.17,20.71,88.99,2.58,3.3,1.16,2.67,2.83,1.04,2.55,591.89
B,12.46,2.29,2.62,19.7,94.01,2.54,1.94,0.91,3.22,2.23,1.31,2.53,539
B,12.07,2.18,2.05,21.86,90.78,2.78,3.54,1.33,1.82,2.27,0.95,4.16,460.41
B,12.58,2.29,2.45,21.57,94.28,2.87,2.96,1.35,2.19,3.41,1.39,4.07,467.95
B,12.12,2.41,2.61,20.06,86.58,3.31,3.15,0.51,3.36,3.58,1.34,2.58,457.1
B,12.62,1.95,2.6,20.33,93.28,3.33,2.82,1.29,2.66,3.08,1.81,2.95,508.72
B,12.44,1.82,2.66,20.3,95.79,3.05,2.3,0.6,3.36,2.21,1.16,2.82,425.42
B,12.71,2.42,2.66,22.31,90.22,2.52,2.35,0.9,1.9,3.07,1.14,3.18,431.12
B,12.49,2.69,2.77,22.29,90.48,3.29,2.91,1.23,2.84,2.61,1.52,2.64,605.08
B,12.3,2.37,2.78,19.5,90,3.29,2.93,1.19,2.24,3.66,1.39,4.27,614.73
B,12.19,2.63,2,21.95,92.63,3.05,3.31,1.21,2.85,4.36,1.02,2.47,590.57
B,12.27,2.43,2.48,21.32,94.1,2.84,1.96,0.59,2.88,4.94,0.99,3.59,552.12
B,13.24,2.38,2.62,23.18,86.83,2.44,3.19,0.66,3.42,3.86,1.15,3.86,841.93
B,13.23,2.53,2.88,20.95,86.8,2.85,1.92,0.77,1.61,4.27,1.49,4.49,804.37
B,13,2.23,2.03,23.21,88.79,3.06,2.7,0.35,2.93,4.74,1.29,4.11,842.94
B,13.22,2.55,2.63,20.81,90.33,2.88,3.64,0.46,1.5,4.38,1.13,4.88,825.57
B,12.7,2.6,2.8,22.09,87.1,2.52,1.93,0.41,1.99,3.58,1.92,4.53,732.97
B,13.04,2.24,2.31,21.72,87.01,3.11,3.44,1.14,2.08,3.2,1.25,4.91,724
B,13.25,2.49,1.99,22.89,94.78,2.47,3.14,1.19,2.4,3.43,1.2,4.75,864.33
B,13.08,1.84,2.4,23.13,93.38,2.78,3.38,1.24,1.56,3.19,1.62,4.98,799.06
B,13.08,2.52,2.36,22.39,86.89,2.41,2.09,1.16,1.55,4.74,1.18,5.44,701.36
B,13.22,1.85,2.98,21.7,94.81,2.86,2.06,0.81,1.86,4.84,1.08,4.67,807.4
B,12.52,1.97,2.87,21.4,87.12,2.77,2.38,0.75,2.65,4.12,1.81,3.79,781.89
B,12.91,1.83,2.58,22.47,91.26,2.66,2.24,1.17,2.78,4.09,1.87,5.41,789.87
B,12.81,1.91,2.64,22.37,93.91,2.43,2.35,0.79,1.9,5.51,1.79,4.66,775.28
B,13.43,1.86,2.47,22.18,87.06,2.63,3.81,1.04,3.45,5.46,1.27,4.86,721.32
B,12.56,1.78,2.3,22.32,94.28,2.28,2.53,1.03,3.19,5.36,1.84,5.49,758.56
B,12.79,2.26,2.17,21.85,89.26,2.4,3.64,1.17,1.57,4.87,1.07,4.66,674.89
B,13.33,2.26,2.42,20.71,87.94,3.05,2.47,0.52,3.13,5.44,1.44,4.52,850.34
B,13.08,2.71,2.67,23.47,88.35,2.56,2.1,0.53,2.39,2.95,1.57,4.22,750.95
B,12.54,2.21,2.65,22.73,87.89,2.53,2.62,1.07,2.33,5.58,1.95,4.44,727.09
B,13.36,2.5,2.43,21.18,93.37,2.23,2.24,0.76,2.54,5.48,1.88,4.35,838.93
B,12.68,2.89,2.65,24.16,99.28,2.17,2.42,1.29,1.75,5.54,1.6,4.08,448.92
B,12.6,3.04,3.25,22.26,90.28,2.37,2.27,1.19,3.37,3.83,0.93,3.78,428.57
B,13.32,2.89,2.45,24.14,91.04,2.24,2.56,1.59,1.65,3.39,1.21,4.36,407.36
B,12.85,3.29,2.29,22.99,98.09,2.19,3.47,1.17,2.86,3.01,0.95,3.72,341.95
B,12.91,2.56,2.95,23.01,93.82,1.74,1.94,0.8,3.24,3.52,1.26,4.11,387.15
B,12.46,3.46,2.27,22.21,97.66,2.38,2.99,1.09,2.19,4.09,1.53,4.24,456.41
B,13.05,3.1,2.29,24.9,92.63,2.56,3.05,1.02,3.11,5.3,0.89,4.13,396.99
B,12.9,2.9,3.19,23.3,94.97,1.85,3.38,1.35,2.14,5.61,1.76,5.08,420.99
B,13.01,2.63,2.42,22.27,97.77,1.97,3.83,1.56,2.67,4.17,1.31,4.04,468.55
B,12.81,2.81,2.52,23.5,96.76,1.74,3.7,1.56,2.81,5.36,1.67,4.89,429.46
B,12.54,2.89,3.2,23.37,99.99,2.31,2.12,1.39,2.31,5.68,1.37,3.82,413.77
B,13.35,3.28,2.27,24.49,98.76,2.32,2.22,1.62,1.88,3.41,1.2,5.12,490.73
B,12.57,3.08,3.26,23.32,94.66,2.38,2.09,1.63,1.8,3.5,1.67,4.73,385.67
B,13.25,2.96,3.26,24.84,91.9,1.85,2.89,1.23,3.04,4.41,1.12,3.79,418.28
B,12.62,2.84,2.34,23.23,90.84,2.15,2.54,1.63,1.97,4.48,1.63,3.5,419.79
B,13,3.04,3.1,22.3,91.64,1.78,2.66,1.12,1.99,4.95,0.96,4.76,469.5
B,13.19,2.6,2.96,22.8,98.34,2.01,2.78,0.94,3.01,4.95,1.35,5.01,448.37
B,12.9,3.17,2.8,24.38,90.04,1.74,2.54,1.63,1.75,3.04,1.05,4.69,366.83
B,12.85,3.04,2.79,24.39,99.23,2.01,1.91,1.5,2.25,4.21,1.31,3.48,416.49
B,13.21,2.56,3.15,24.03,98.15,2.32,2.44,1.63,1.77,4.59,0.99,5.09,500.88
B,12.61,2.27,2.27,19.88,82.49,1.65,3.27,1.34,1.77,6.28,1.7,4.81,518.86
B,13.2,2,3.08,19.38,81.57,2.55,3.53,1.34,3.51,3.98,1.37,3.94,603.8
B,13.1,1.92,2.12,19.54,85.82,2.26,2.56,1.19,2.15,4.2,1.76,4.47,674.78
B,13.06,2.47,2.25,19.19,86.88,2.41,3.93,0.82,1.88,3.85,1.68,3.18,587.6
B,12.95,2.16,2.38,21.39,84.14,2.43,3.02,1.02,2.92,6.3,1.48,4.66,708.39
B,12.42,2.29,2.34,21.16,87.53,1.97,2.64,0.55,2.9,5.39,1.72,4.79,673.39
B,13.01,2.09,3.06,19.63,83.26,2.45,3.69,1.09,1.98,5.96,1.9,5.04,647.7
B,12.33,2.2,2.84,19.05,80.15,2.53,3.27,0.42,2.51,4.79,1.95,4.89,518.86
B,12.81,2.57,2.31,19.46,82.51,2.11,2.18,1.2,3.52,4.74,1.67,4.23,623.63
B,12.63,1.96,2.25,19.34,80.89,2.36,2.78,0.72,3.33,6.31,1.78,3.26,577.08
B,12.41,2.23,2.88,21.78,86.82,2.05,3.16,0.43,2.78,6.19,1.62,3.48,682.36
B,12.7,1.88,2.81,20.75,80.78,2.17,3.52,0.55,1.87,5.95,1.87,4.24,623.93
B,12.36,1.8,2.94,21.21,80.85,1.97,3.43,1,2.24,4.63,1.36,5.05,559.89
B,12.94,2.15,2.19,19.63,86.03,2.41,3.02,0.93,3.11,6.08,1.42,4.12,624.87
B,12.66,1.91,3.07,19.18,84.49,2.5,3.44,0.82,2.73,4.76,1.77,3.95,649.55
B,12.42,2.11,2.85,21.83,88.53,1.96,2.5,0.44,2.62,3.73,1.89,3.2,690.58
B,12.91,2.4,2.28,19.42,81.54,2.35,3.96,1.01,2.37,3.6,1.85,4.09,528.01
B,12.9,2.11,2.79,19.03,83.73,1.92,2.57,0.87,2.04,3.61,1.29,5,527.38
B,12.54,2.03,2.24,20.9,84.59,1.78,2.95,0.71,3.1,3.73,1.88,3.54,651.99
B,12.42,2.6,2.79,20.28,86.18,2.01,3.6,0.61,2.35,3.62,1.62,3.65,705.35
B,13.34,2.21,2.67,22.92,91.21,2.09,3.4,1.22,2.12,4.97,1.04,4.21,529.67
B,12.92,2.46,2.67,23.11,84.49,1.97,2.48,1.4,2.01,5.63,0.93,3.35,488.78
B,12.83,2.39,2.29,25.03,90.47,1.61,2.06,0.56,1.78,4.2,1.63,3.73,589.61
B,13.12,2.08,2.75,23.75,85.05,1.42,3.67,0.91,1.95,5.8,1.06,2.55,628.95
B,13.49,2.24,2.5,22.82,91.44,1.44,2.5,0.79,2.86,4.35,0.94,3.14,491.11
B,12.92,2.53,2.43,24.07,84.67,1.72,2.74,0.98,1.82,6.11,0.94,2.53,540.19
B,12.91,2.69,2.73,24.97,89.12,1.58,3.61,1.36,2.78,4.86,1.63,3.2,620.13
B,12.81,1.96,3.1,23.03,93.24,1.81,3.09,0.72,2.58,5.16,0.96,2.64,643.31
B,13.56,2.24,2.61,23.34,90.29,2.29,1.97,0.99,3.4,5.85,1.76,4.11,557.85
B,13.72,2.34,2.57,23.78,89.09,1.65,2.27,0.79,2.38,5.04,1.63,4.4,497.37
B,13.65,2.71,2.55,24.13,92.25,2.08,2.49,1.42,3.44,3.71,1.46,2.55,610.64
B,13.43,1.92,2.92,25.49,87.87,1.45,3.33,1.22,2.42,5.2,1.37,3.06,500.04
B,12.92,2.54,2.84,23.33,88.2,1.76,1.9,1.03,2.68,6.06,1.08,4.13,671.34
B,13.68,2.11,3.09,24.47,85.69,2.09,2.29,1.24,1.88,4.45,0.95,4.17,527.96
B,13.34,1.92,2.65,23.08,93.35,1.39,2.65,0.82,1.85,4.67,1.14,3.91,648.76
B,12.73,2.21,2.56,23.5,84.86,1.93,2.68,0.63,1.66,5.65,1.79,3.79,605.31
B,13.41,2.3,2.91,22.97,85.07,1.57,2.12,1.01,1.96,4.81,1.73,4.35,559.35
B,13.09,2.25,2.63,22.6,90.76,2.22,2.49,1.37,2.9,5.55,1.86,3.01,649.06
B,13.44,2.44,3.07,24.89,89.28,2.19,3.57,1.16,2.41,4.96,1.45,4.05,679.11
B,12.73,2.66,3.02,23.11,89.45,2.11,2.1,0.9,2.95,6.2,1.47,4.34,520.36
B,12.89,1.51,2.41,21.87,93.19,2.37,3.41,1.29,3.93,5.48,1.78,3.65,351.68
B,12.3,1.73,2.29,19.73,95.22,2.94,2.07,0.41,2.77,3,1.52,4.2,379.59
B,12.91,1.6,2.88,21.41,96.56,2.49,2.05,1.36,2.28,4.22,0.94,4.12,366.97
B,12.73,1.69,2.3,19.96,100.12,3,3.09,0.77,3.82,3.94,1.71,4,435.27
B,12.99,1.43,2.62,19.84,97.27,3.26,3.07,1.06,3.36,3.07,1.5,3.51,326.93
B,12.63,1.83,2.92,21.55,95.87,2.4,3.11,0.64,2.97,4.34,1.29,3.18,371.99
B,12.91,2.03,2.48,20.65,94.14,2.44,3.09,0.45,3.42,5.69,1.56,4.04,376.73
B,12.3,1.92,2.25,21.76,95.41,2.91,3.39,0.86,3.7,2.95,1.63,4.84,398.02
B,12.57,1.57,2.03,20.61,101.77,2.82,2.67,0.75,2.96,4.81,1.33,5.01,390.05
B,12.68,1.34,2.53,21.75,98.53,2.43,3.13,0.41,2.11,4.65,1.32,4.98,409.19
B,13.09,1.99,2.56,19.66,99.06,2.9,3.24,1.11,2.48,4.16,1.72,4.97,460.6
B,12.69,1.5,2.81,21.57,95.35,3.07,2.48,0.68,2.85,5.69,0.94,3.31,510.05
B,12.72,2.06,2.6,20.73,93.54,2.7,3.7,0.85,3.77,3.61,1.72,3.13,403.63
B,12.64,2.28,2.06,21.16,99.64,2.98,3.34,0.87,3.21,2.95,1.55,3.48,477.41
B,12.54,1.88,2.49,20.13,92.23,2.73,2.32,0.93,2.21,2.86,1.35,4.48,321.74
B,12.98,1.36,2.09,20.99,92.25,2.49,2.55,0.86,3.17,5.27,1.04,4.52,392.58
B,12.82,1.72,2.41,20.98,98.2,2.51,2.85,0.74,2.3,5,1.56,3.05,321.34
B,12.58,1.91,2.66,20.89,99.51,2.54,3.98,0.85,3.33,3.89,1.25,4.5,413.54
B,13.21,1.84,2.66,20.9,99.68,3.33,2.18,0.65,3.41,5.05,1.12,3.9,432.1
B,12.48,1.76,2.51,21.98,94.22,2.84,2.45,0.89,3.23,2.89,1.72,3.67,499.22
B,12.33,1.61,3.43,22.4,98.79,3.73,3.58,0.49,2.92,4.01,1.3,4.37,705.36
B,12.29,1.76,2.93,22.84,94.54,2.92,4.35,0.67,3.94,4.32,1.72,4.32,808.22
B,12,1.59,3.62,20.08,102.51,2.92,3.43,0.31,4.05,3.62,1.31,4.17,838.08
B,12.48,1.51,3.38,22.88,94.28,3.44,4.88,0.43,3.46,3.37,1.25,3.58,688.11
B,12.15,2.16,3.26,22.39,95.29,3.69,3.45,1.09,3.49,5.63,1.02,3.4,842.81
B,11.7,2.02,3.1,21.5,100.44,3.37,4.27,1.09,3.04,4.86,1.58,3.45,728.86
B,11.86,2.11,3.69,21.25,101.95,2.76,4.57,1.24,2.81,4.24,1.18,3.45,802.95
B,11.97,1.47,3.45,21.73,97.37,3.59,3.02,0.53,2.68,5.6,1.39,3.28,861.64
B,11.63,2.01,2.88,20,96.98,3.14,3.78,0.38,2.76,4.06,1.34,4.53,700.26
B,11.8,1.41,2.94,20.76,98.68,3.54,3.09,1.08,3.6,5.29,1.72,5.12,823.02
B,12.27,2.29,2.76,21.53,102.34,3.4,4.37,0.68,3.97,3.4,1.13,4.36,759.82
B,12.31,1.69,3.51,20.76,103.39,2.8,4.55,0.38,3.17,4.77,1.79,4.37,799.14
B,12.13,2.07,3.41,20.11,95.98,3.55,4.53,0.88,2.69,3.64,1.15,3.84,803.59
B,12.32,1.82,3.22,20.37,96.93,2.78,4.07,0.41,3.3,4.01,1.19,4.26,798.13
B,12.05,1.45,3.34,20.43,103.77,3.44,3.1,0.75,4.25,3.7,1.31,4.89,795.31
B,11.75,1.66,3.04,21.1,101.8,2.99,4.12,0.66,3.77,5.59,1,4.73,703.91
B,12.12,2.1,3.57,21.33,96.13,2.99,4.68,0.73,3.42,4.39,1.87,4.75,733.59
B,12.53,1.96,3.12,21.97,101.05,3.61,3.99,0.73,4.09,3.75,1.95,3.96,769.1
B,11.65,2.28,3.34,20.12,98.02,3.19,3.79,0.57,2.61,4.31,1.63,4.97,768.01
B,11.81,1.4,3.51,20.75,103.19,3.6,3.06,0.98,4.34,3.29,1.81,4,753.76
B,11.48,4.54,2.43,21.08,108.39,3.27,2.72,0.95,4.52,5.25,1.71,3.73,584.98
B,12.31,4.22,1.97,21.06,110.08,3.79,3.29,0.38,4.37,4.45,1.56,4.11,592.15
B,12.14,3.99,2.12,20.5,107.07,3.51,3.55,0.66,4.14,4.92,1.16,4.55,745.89
B,11.63,4.63,2.37,20.31,111.83,3.82,4.18,0.38,4.58,5.66,1.63,4.78,745.93
B,12.44,3.93,2.21,22.38,108.92,3.29,3.64,0.63,4.25,5.24,0.96,4.64,625.2
B,12.31,4.08,1.98,21.55,110.11,3.61,4.09,0.48,5.28,5.26,0.92,4.19,642.98
B,11.54,4.12,2.3,19.77,107.02,3.32,2.7,1.15,3.78,5.68,1.65,4.08,578.57
B,11.48,4.65,2.08,20.43,107.17,3.93,4.03,0.79,4.44,3.7,1.31,3.89,698.34
B,11.84,3.91,2.75,21.2,111,3.88,2.78,1.23,5.5,4.03,1.34,3.49,634.02
B,12.07,4.13,2.36,21.88,112.41,3.35,3.41,1.14,4.15,5.39,0.9,4.78,663.1
B,12.13,4.51,2.75,22.09,116.53,3.69,2.65,0.69,4.21,3.32,1.55,3.37,564.05
B,12.05,4.4,2.32,20.74,107.44,3.46,4.38,1.22,4.75,4.71,0.8,4.17,723.57
B,12.28,4.56,2.73,21.51,111.58,4.12,2.59,0.7,4.38,4.66,1.07,3.79,670.48
B,11.72,4.44,1.99,22.02,116.04,3.89,3.9,0.77,4.37,5.87,1.19,3.9,568.3
B,12.27,4.64,2.15,20.71,114.79,3.69,3.91,1.21,4.83,4.38,1.23,4.47,648.48
B,12.44,4.39,2.57,21.06,111.05,4.01,2.63,0.74,4.32,5.25,1.62,4.4,717.33
B,12.17,3.93,2.04,22.3,115.54,3.4,3.38,1.09,4.61,3.41,1.27,3.39,684.06
B,11.91,4.61,2.33,21.69,114.52,3.23,4.19,0.42,5.06,3.9,0.81,3.61,620.18
B,11.66,4.01,2.25,21.04,115.06,4,4,0.55,3.82,4.69,1.52,3.29,736.62
B,11.71,4.53,1.84,19.58,115.23,3.47,2.72,1.21,4.89,4.38,1.62,4.3,624.99
B,13.24,2.74,2.81,23.7,94.34,3.46,3.27,1.24,1.67,3.01,1.26,3.78,373.9
B,12.62,2.74,3.08,21.16,89.13,2.87,2.41,0.29,2.48,4.61,1.51,3.24,482.52
B,13.49,3.26,2.57,23.52,93.04,2.87,3.33,0.51,2.45,2.07,1.35,3.53,411.01
B,13.04,2.85,2.38,22.9,91.23,3.38,3.37,0.8,2.12,3.29,1.52,4.34,363.87
B,12.96,3.08,2.76,22.21,90.52,2.75,4.22,1.21,1.79,2.81,1.82,3.38,357.86
B,13.32,2.79,2.34,23.69,96.41,3.49,3.3,0.98,2.41,4.67,1.35,3.88,357.06
B,13.39,3.19,2.85,21.45,92.44,3.06,3.94,0.82,1.97,3.9,1.26,3.58,331.15
B,13.5,3.1,2.5,23.83,97.12,3.3,3.84,0.3,3.02,2.31,1.74,4.64,489.22
B,13.21,3.27,2.67,22.86,95,3.44,3.74,1.21,2.32,2.12,1.2,4.23,524.05
B,12.68,2.54,2.33,21.43,90.92,2.59,2.5,1.1,1.36,4.85,1.21,3.99,410.48
B,13.44,3.06,2.5,21.89,91.48,2.61,2.67,0.55,2.58,2.59,1.71,4.42,485.01
B,12.72,3.37,2.3,22.63,89.83,2.78,3.25,0.52,1.99,2.94,1.7,3.94,473.61
B,13.3,3.17,2.86,21.94,88.04,3.46,2.3,0.97,2.25,2.37,1.42,4.61,477.54
B,13.18,3.05,2.2,22.35,92.24,3.09,4,0.78,2.55,3.69,1.37,3.18,349.65
B,12.65,3.38,2.26,21.78,95.5,3.42,3.52,0.7,1.84,3.05,0.93,3.43,385.13
B,12.79,2.44,2.97,23.25,96.29,2.77,3.5,0.57,2.68,3.56,0.98,3.38,417.16
B,13.28,3.03,2.57,21.77,88.62,3.16,4.14,1.04,1.92,4.27,1.79,3.66,417.91
B,13.3,3.12,2.3,22.66,89.23,2.6,2.55,0.78,2.61,3.28,1.28,4.34,328.19
B,12.9,3.16,2.65,23.64,94.33,3.2,3.78,0.66,2.82,3.45,1.75,3.48,454.58
B,13.25,2.77,2.61,23.53,93.75,3.23,3.92,0.84,1.57,4.75,1.04,4.32,329.61
B,12.26,3.33,3.54,22.97,106.06,2.05,3.82,1.19,2.92,5.18,1.69,4.16,745.62
B,12.53,3.19,3.58,21.19,111.15,2.09,3.74,0.64,1.64,4.84,1.66,4.41,674.78
B,12.23,3.13,3.88,21.63,105.78,2.18,2.04,1.16,2.96,5.07,1.53,2.72,609.33
B,12.47,2.69,3.4,20.44,107.66,2.09,3.43,1.39,2.5,5.61,1.83,2.55,767.91
B,12.37,3.03,3.51,22.38,107.52,1.84,2.63,1.03,2.91,4.38,2.21,3.91,790.1
B,12.37,3.53,3.26,21.46,110.27,1.9,3.69,1.01,2.35,6.07,1.26,2.91,777.32
B,12.11,3.17,3.9,21.89,103.4,1.9,3.19,1.4,2.64,5.11,1.75,3.13,681.52
B,12.08,3.07,3.49,22.94,106.58,1.94,3.1,1.11,3,5.84,1.94,2.98,736.1
B,11.76,3,3.83,21.03,108.66,1.84,2.19,0.69,1.42,4.54,1.67,2.63,759.06
B,12.39,2.78,3.83,22.56,109.79,2.33,3.87,0.64,1.83,6.06,2.01,3.59,678.91
B,12.46,3.37,3.6,21.1,107.79,2.3,3.26,1.26,1.72,5.06,2.22,4.22,623.43
B,12.15,3.14,3.89,20.94,111.44,2.2,3.36,0.96,2.97,4.52,1.23,3.82,656.9
B,12.18,2.9,3.63,20.39,110.56,2.72,2.39,1.2,2.66,4.75,1.95,2.79,777.74
B,12.5,3.01,3.5,22.36,111.54,2.16,2.52,1.46,2.31,3.88,1.24,2.78,710.38
B,11.89,3.42,3.26,22.85,112.86,2.42,2.25,0.83,1.95,5.44,1.75,4.36,686.7
B,12.63,2.81,3.01,22.2,107.8,1.83,2.31,0.75,1.93,4.11,2.04,2.92,789.82
B,11.83,2.82,3.63,22.9,110.69,2.29,2.21,0.98,2.46,3.88,1.88,3.28,635.86
B,12.63,2.88,3.3,22.64,108.67,1.92,3.95,1.54,1.15,4.62,2.17,3.01,655.72
B,12.65,3.02,3.39,22.59,104.18,2.47,2.51,0.9,1.2,5.57,2.06,4.37,672.17
B,12.25,3.16,3.27,22.19,112.75,2.15,3.65,1.4,2.14,4.88,1.43,3.01,624.23
B,12.12,0.75,3.43,22.32,97.66,3.22,2.96,0.77,1.82,4.16,1.75,3.25,437.45
B,11.63,1.26,3.22,22.11,94.17,2.68,3.85,0.56,3.06,3.31,1.45,4.09,590.15
B,11.93,0.99,2.52,21.13,95.71,2.91,2.2,1.38,1.69,5.98,1.78,3.06,596.45
B,12.09,1.58,3.32,21.43,95,2.99,3.25,1.32,2.45,3.24,1.98,3.02,612.27
B,11.58,1.02,2.88,22.51,89.97,2.82,2.51,1.07,2.25,5.1,1.6,3.51,586.31
B,12.14,1.66,2.71,22.11,94.26,3.04,2.25,1.01,2.68,3.81,1.96,2.67,508.21
B,12.38,0.9,3.03,22.51,92.67,3.35,2.99,1.08,1.53,3.94,1.13,3.97,438.65
B,11.84,0.88,2.53,23.39,97.59,3.13,2.85,0.44,1.59,5.6,2.07,3.27,463.28
B,11.9,1.07,3.12,22.43,90.08,3.2,2.33,1.11,1.99,3.52,1.46,3.58,543.06
B,11.44,1.31,2.56,22.15,95.69,3.27,3.6,0.94,3.29,5.71,1.71,3.5,593.86
B,12.11,1.15,2.88,23.39,90.83,2.83,2.14,0.8,3.15,4.06,1.91,2.56,511.64
B,11.91,1.58,3.21,23.6,93.82,2.55,2.58,0.77,1.82,5.02,2.02,2.56,514.31
B,11.51,1.48,2.98,21.73,90.9,3.38,2.55,1.07,1.53,5.26,1.87,3.22,538.09
B,11.44,1.23,3.25,23.86,91.88,3.22,2.1,0.65,2.33,3.19,1.8,3.01,586.71
B,11.92,1.13,2.82,21.49,92.03,3.14,3.14,1.39,2.33,3.49,1.94,3.02,622.79
B,12.03,1.33,3.03,21.47,92.78,3.09,3.82,0.44,2.06,5.12,1.79,2.89,633.3
B,12.34,1.74,3.31,21.39,96.01,3.38,2.49,0.66,2.52,3.5,1.64,3.35,625.91
B,11.55,1.54,2.96,22.28,92.53,2.96,3.22,0.81,2.07,4.16,1.88,3.49,577.27
B,12.02,1.01,2.51,22.67,97.47,3.09,2.11,1.38,3,3.47,1.24,3.57,562.99
B,11.63,1.03,3.42,22.47,88.65,2.55,2.22,0.85,2.92,4.72,1.74,2.69,587.34
B,12.58,2.24,3.22,24.35,88.45,2.99,3.72,0.44,2.9,3.61,1.03,4.14,432.69
B,12.89,1.84,3.25,25.29,91.6,3.52,4.05,1.12,1.45,5.79,1.01,4,495.07
B,12.84,2.03,3.12,23.09,92.87,3.51,4.27,1.38,2.46,3.72,1.57,4.61,415.8
B,12.76,2.23,3.48,22.68,92.5,2.88,2.71,0.85,1.61,3.72,1.59,3.9,540.45
B,12.34,2.28,2.68,22.99,87.62,3.07,2.87,0.6,1.39,4.51,1.3,5.17,443.2
B,12.83,2.34,3.3,23.62,89.08,2.68,2.55,0.84,1.96,4.2,1.8,4.32,572.8
B,12.12,2.18,2.94,23.38,88.6,2.58,4.11,0.92,2.7,4.96,1.53,3.3,508.41
B,12.37,1.69,3.19,25.25,92.2,2.61,3.75,1.18,2.15,4.16,1.37,3.7,402.4
B,12.63,1.48,2.67,22.85,90.19,2.92,2.3,0.99,1.19,3.7,1.81,3.36,569.48
B,12.67,1.58,3.09,23.03,87.91,2.8,4.06,0.86,1.12,3.36,1.39,4.91,561
B,12.7,1.57,2.55,22.63,87.6,2.81,3.36,1.41,1.9,3.72,1.05,3.46,399.52
B,12.25,1.53,2.6,24.76,91.66,3.55,3.84,0.74,1.65,3.5,1.66,4.64,480.79
B,12.66,2.09,3.5,23.99,93.88,3.03,3.75,0.71,1.64,4.33,0.94,4.95,499.18
B,12.63,1.63,2.56,24.38,86.41,2.58,4.15,0.89,2.3,5.22,1.44,3.43,555.98
B,12.88,2.14,2.62,24.91,90.96,3.37,2.54,1.29,2.02,3.15,1.06,4.55,495.73
B,12.26,2.27,3.1,23.58,86.56,3.17,3.83,0.49,2.78,3.15,1.77,3.46,506.74
B,12.7,1.99,3.33,23.8,87.62,2.62,3.1,0.47,2.81,4.86,1.85,3.47,506.18
B,12.42,1.62,2.6,25.19,92.64,3.55,2.98,0.6,1.2,5.73,1.22,3.76,488.72
B,13.02,2.3,3.21,25.09,85.26,3.19,3.82,0.96,2.77,4.18,1.65,3.28,424.87
B,12.9,1.88,2.73,23.23,90.26,3.16,3.9,1.17,1.1,3.75,1.79,3.26,399.91
B,11.36,1.59,2.3,22.35,93.25,2.99,2.59,1.19,2.54,3.77,2.56,3.15,601.93
B,11.09,1.9,2.55,24.39,92.03,3.15,3.27,1.29,3.39,4.08,2.35,3.85,518.49
B,11.88,1.94,2.24,22.3,89.65,2.68,2.59,0.69,2.53,4.8,2.08,4.02,602.52
B,11.87,2.42,2.4,21.98,86.82,3.33,3.45,1.26,3.53,2.39,2.34,3.68,576.47
B,11.16,2.4,2.75,22.15,89.76,2.51,3.92,1.39,3.94,3.83,2.63,3.26,462.48
B,11.05,1.97,3.15,21.73,93.62,2.96,2.71,1.37,3.68,2.65,2.38,4.56,522.52
B,11.07,1.54,2.75,23.26,87.43,2.49,3.35,0.87,3.47,1.93,2.42,4.57,466.39
B,11.13,2.45,2.33,22.89,87.65,2.89,3.06,1.49,3.8,3.31,2.2,3.54,426.17
B,12.02,2.46,2.63,22.49,93.86,3.08,2.63,0.79,2.74,2,2.37,4.44,505.61
B,11.57,2.11,3.12,23.56,88.85,2.96,2.49,0.78,3.49,4.03,2.53,3.43,446.02
B,12,1.81,2.47,23.83,91.35,2.82,3.99,0.73,2.85,4.25,1.99,3.62,543.78
B,11.49,1.62,3.02,23.87,88.56,3.01,4.05,0.84,3.99,3.03,2.67,3,490.07
B,11.34,1.73,2.99,21.51,89.15,2.87,2.24,0.92,3.27,2.73,1.81,3.22,449.91
B,11.35,1.8,3.06,24.43,87.72,2.72,4.1,1.03,3.54,2.01,1.84,4.69,557.34
B,11.63,1.85,2.88,21.95,91.72,3.08,2.75,0.93,2.03,4.71,2.36,4.32,411.2
B,11.52,2.34,2.91,24.45,94.33,2.68,2.26,0.81,2.99,4.26,2.04,3.89,571.27
B,11.76,1.98,2.84,24.22,87.55,3.19,2.68,1.5,2.96,4.01,1.73,3.76,470.13
B,11.88,1.88,2.34,23.58,90.01,2.48,2.22,1.47,2.82,2.32,2.05,3.69,558.22
B,11.86,2.41,2.27,21.58,92.73,3.44,4.11,1.17,2.12,3.9,1.77,3.15,412.46
B,11.31,2.22,2.22,23.67,87.73,2.83,3.33,0.81,2.45,3.62,2.53,3.01,595.28
B,12.7,1.92,2.48,20.93,93.85,2.93,3.2,0.5,3.03,2.25,1.33,3.51,634.8
B,12.59,1.86,2.73,21.24,86.62,2.14,3.13,0.85,2.39,4.35,1.21,3.46,646.68
B,12.6,1.87,2.94,22.13,89.17,2.11,3.22,0.93,2.11,2.76,1.13,4.85,550.13
B,12.79,1.59,2.15,21.51,87.29,2.16,2.27,0.63,2.86,2.57,1.69,4.17,585.39
B,12.66,2.34,2.6,23.13,90.1,2.76,2.59,1.12,3.23,2.81,1.48,4.23,611.41
B,12.64,2.31,2.69,22.64,93.04,2.57,2.85,1.2,2.27,4.67,1.81,3.74,648.09
B,11.94,2.02,2.41,23.24,88.57,2.05,1.94,0.6,3.41,2.52,1.84,4.9,567.33
B,12.18,2.04,2.81,22.75,94.06,2.15,2.13,1.16,2.51,4.44,1.58,3.89,654.11
B,12.69,1.66,2.5,21.18,88.14,2.38,2.89,0.83,3.33,4.48,1.62,4.7,680.04
B,12.63,1.74,2.59,22.54,92.62,2.33,1.8,1.24,2.59,4.32,1.47,4.25,502.57
B,12.17,2.13,2.48,23.24,89.03,2.97,1.9,1.2,2.38,2.35,1.29,5,663.6
B,11.93,1.72,2.06,22.44,91.92,2.25,3.27,0.36,2.08,3.24,1.08,3.38,642.32
B,11.94,1.48,2.19,22.97,86.99,2.61,1.8,0.32,2.05,4.85,1.52,5.13,558.24
B,12.2,2.39,2.39,22.33,90.36,2.56,2.77,0.88,2.93,3.9,1.8,4.5,581.07
B,12.73,1.58,2.34,22.61,88.99,2,3.4,1.16,1.95,4.13,1.86,4.76,645.17
B,12.51,1.57,2.11,22.49,86.4,2.2,3.27,0.94,2.6,3.93,1.71,3.72,599.4
B,12.51,1.76,2.11,21.37,95.23,2.07,2.98,0.37,2.22,2.43,1.75,4,582.27
B,12.31,1.77,2,23.14,88.54,2.78,1.66,0.8,1.89,3.34,1.01,3.38,541.1
B,12,2.44,2.03,23.62,88.54,2.8,2.49,0.45,3.11,3.53,1.34,3.51,534.81
B,11.88,1.69,2.09,22.84,92.62,2.07,3,1.05,2.03,2.1,1.89,4.09,692.81
B,12.55,1.69,2.39,25.41,116.13,2.21,2.95,0.97,3.07,3.64,1.51,3.24,539.46
B,12.92,2.45,2.77,22.86,117.57,2.29,2.22,0.86,3.16,3.86,1.63,4.29,386.2
B,12.6,2,2.82,23.46,108.25,2.67,2.95,0.67,2.09,3.62,1.19,3.61,468
B,12.48,2.2,2.72,23.53,109.64,2.79,2.69,0.46,3.37,4.19,1.38,3.12,473.21
B,13.15,1.63,2.79,24.69,116.43,2.25,2.88,0.49,3.28,4.69,1.09,4.03,522.32
B,13.17,1.88,2.46,24.36,113.7,2.84,2.16,0.97,3.57,4.08,1.91,4.14,444.3
B,12.87,1.95,3.16,23.11,113.42,2.95,2.39,0.4,3.51,3.6,1.89,3.75,475.93
B,13.28,1.91,2.31,24.46,108.02,2.1,2.11,0.73,3.18,3.62,1.1,3.82,520.13
B,13.11,1.65,2.78,25.01,115.07,2.98,2.47,0.9,2.3,4.97,1.64,3.68,389.76
B,12.52,2.12,2.82,24.05,111.16,2.23,4,1.06,3.13,2.65,1.64,4.84,443.98
B,13.35,1.99,3.02,25.1,114.83,2.48,2.45,0.88,3.12,2.58,2.05,3.78,369
B,13.35,1.9,2.67,23.48,111.27,2.82,2.83,0.81,2.35,2.74,1.65,3.33,406.74
B,12.44,2.1,2.97,23.07,115.33,2.34,3.1,0.43,2.53,3.53,1.2,3.79,514.95
B,13.29,2.18,2.98,24.12,108.13,2.55,2.25,0.83,3.27,3.27,1.7,4.31,360.84
B,12.94,2.32,2.81,24.64,116.79,2.49,2.13,0.58,3.04,3.02,1.69,2.96,472.38
B,13.01,2.49,3.07,22.96,115.58,2.2,3.5,1.2,2.32,2.19,1.82,3.18,426.75
B,13.42,1.94,2.82,24.45,110.29,2.22,2.85,0.6,2.51,3.43,1.7,4.59,487.85
B,13.02,2.53,2.34,23.51,112.51,2.13,3.9,0.5,1.74,4.51,1.46,4.29,447.83
B,13.32,2.13,3,24.41,116.71,2.09,2.94,0.72,2.87,2.07,1.08,4.27,354.75
B,12.92,2.47,2.27,24.52,115.09,2.08,2.48,0.84,2.33,2.09,1.13,3.68,363.16
B,13.42,4.36,2.13,16.01,81.77,2.16,1.47,0.75,1.98,5.98,0.87,3.82,427.07
B,13.23,3.8,2.33,17.84,85.49,2.23,3.04,0.73,2.51,4.04,1.26,4.07,441.27
B,13.57,4.23,2.29,17.2,85.55,1.95,3.17,0.83,1.31,4.25,0.83,2.41,406.98
B,13.54,4.15,2.92,18.31,89.61,1.73,2.3,0.73,1.87,3.98,0.88,2.88,552.73
B,13.66,4.19,2.7,17.47,81.81,2.5,1.93,0.94,0.92,4.68,1.33,2.23,384.64
B,13.14,4.02,2.36,18.41,83.01,2.42,1.85,0.8,2.58,6.29,0.97,3.85,474.63
B,13.62,3.79,2.07,16.09,89.65,2.32,1.46,0.56,2.78,3.47,0.73,3.89,455.4
B,13.21,3.49,2.96,16.34,89.11,2.04,1.77,0.9,1.85,6.3,1.44,2.32,464.31
B,13.71,4.33,2.56,17.24,89.72,2.37,2.78,1.33,1.57,5.11,1.34,3.38,382.87
B,12.86,3.84,2.95,16.43,83.93,1.82,2.58,0.56,1.53,4.78,1.03,2.93,497.45
B,12.88,3.49,2.78,17.12,82.93,1.96,2.92,0.86,1.5,5.81,1.12,2.19,564.11
B,13.75,3.81,2.65,18.93,82.6,1.88,2.98,1.22,1.29,5.54,0.98,2.35,394.18
B,13.11,3.48,2.96,16.6,89.17,1.94,1.35,1.03,2.76,5.42,1.28,3.84,477.62
B,13.05,3.45,2.97,16.64,83.88,2.45,3.1,0.74,2.41,3.56,0.94,2.41,464.84
B,13.71,4.14,2.42,17.03,88.98,2.45,2.12,1.03,2.57,4.9,1.31,3.59,566.79
B,12.87,4.39,2.55,18.53,81.87,1.8,1.28,0.77,2.7,5.77,1.62,2.34,405.16
B,13.01,4.36,1.99,17.74,86.81,2.29,3.04,1.2,1.78,4.19,0.74,2.37,376.18
B,13.55,4.15,2.26,17.87,81.52,2.59,2.58,0.68,1.02,6.17,0.71,3.93,520.17
B,13.72,4.14,2.81,18.29,80.63,2.35,1.98,1.41,1.35,3.82,0.84,2.32,536.64
B,13.26,3.83,2.42,17.71,88.07,1.85,2.65,1.39,2.73,4.23,1.23,2.82,422.34
B,12.96,3.51,2.01,20.14,93.51,2.04,3.19,1.33,3.07,3.9,0.96,3.88,725.21
B,12.43,4.38,2.12,21.36,88.22,2.12,3.64,0.99,2.64,3.94,1.5,3.29,592.6
B,12.75,3.91,2.83,19.72,92.78,2.27,3.34,1.02,1.96,1.52,1.41,3.23,691.35
B,12.84,4.3,2.65,19.56,88.33,2.95,2.11,0.63,2.71,1.46,1.09,4.19,619.27
B,12.76,4.04,2.93,21.98,88.84,2.51,2.13,0.91,2.96,3.23,1.86,4.73,706.51
B,12.13,4.01,2.87,21.34,96.32,2.66,3.17,0.62,2.52,2.27,1.22,4.25,706.85
B,12.07,3.76,2.58,19.02,93.82,2.6,3.45,1.29,2.58,3.85,1.4,4.28,663.18
B,12.87,3.66,2.33,21.13,88.11,2.77,2.68,1.12,2.46,3.66,1.86,4.72,656.61
B,12.62,3.44,2.02,19.06,89.36,2.23,2.54,0.87,3.47,3.78,1.15,4.48,634.69
B,12.15,3.95,2.11,19.4,88.75,2.32,2.5,0.92,3.48,3.96,1.86,4.63,755.63
B,12.34,3.89,2.73,19.73,93.04,2.58,2.98,0.75,3.53,2.64,1.62,4.09,617.98
B,12.76,4.09,2.67,21.76,93.05,2.78,2.29,0.9,2.56,3.64,1.68,4.11,691.77
B,12.82,3.89,2.23,21.25,95.19,2.99,1.66,0.55,2.34,3.91,1.13,4.7,648.67
B,12.53,3.82,2.43,20.51,96.74,2.75,3.62,0.89,2.1,3.67,1.85,4.81,728.36
B,12.54,4.05,2.75,21.48,88.25,2.41,2.26,0.74,2.56,2.16,1.13,3.94,726.88
B,12.93,3.57,2.54,20.98,90.8,2.46,2.1,0.65,3.04,2.53,1.4,3.54,723.1
B,12.91,3.98,2.17,21.96,92.06,2.95,2.68,0.72,2.3,4.06,1.08,3.72,702.86
B,12.97,3.57,2.49,20.04,92.71,2.17,2.15,1.16,1.96,3.92,1.45,4.2,644.09
B,12.46,4.19,2.89,19.06,91.79,2.78,3.64,0.43,2.36,2.03,1.21,5.04,731.02
B,12.98,3.65,2.63,20.74,93.63,2.17,2.82,1.28,1.97,3.04,1.12,4.54,651.98
B,11.83,2.42,2.81,22.56,103.73,3.69,3.89,0.59,2.88,4.34,1.36,3.42,706.25
B,12.18,3.29,2.62,20.11,97.27,2.95,3.16,0.43,3.75,5.99,1.57,3.46,766.82
B,11.89,3.27,2.59,22.03,104.74,3.39,4.72,0.68,2.1,3.75,1.09,5.06,763.52
B,11.98,2.49,2.91,21.81,99.43,3.19,3.41,0.61,1.85,5.03,1.2,4.28,726.69
B,11.83,3.27,3.19,20.44,101.88,3.21,2.84,0.82,2.92,5.81,1.01,4.95,798.37
B,11.73,2.94,2.98,20.68,102.78,3.33,4.1,0.4,2.51,4.34,1.04,3.91,632.61
B,12.31,2.68,3.34,21.04,99.92,3.23,2.98,1.32,2.83,3.31,1.39,4.19,716.72
B,12.14,2.68,2.48,20.31,103.64,3.45,4.08,1.22,2.94,4.99,1.39,4.4,658.95
B,12.39,3.33,2.74,20.18,101.53,3.89,3.31,0.99,1.91,4.74,1.02,4.46,654.34
B,12.21,3.27,2.81,20.79,98.23,3.33,4.48,0.53,2.02,6.23,0.81,4.31,763.84
B,11.51,2.93,3.4,21.48,99.33,3.04,3.35,0.68,3.03,5.09,1.24,3.92,726.63
B,12.22,3.05,3.26,22.98,96.94,3.31,4.61,0.62,2.2,5.1,0.98,4.54,797.53
B,12.15,2.6,2.67,22.93,104.85,3.42,2.81,0.35,3.45,4.58,1.38,4.09,727.46
B,12.04,2.9,3,21.93,100.65,3.63,3.98,0.69,2.78,3.3,0.91,3.79,784.91
B,11.91,3.32,3.03,20.03,97.72,3.15,2.83,1.07,2.74,5.89,1.28,3.65,734.14
B,11.84,3.35,2.91,22.66,105.83,3.78,4.31,0.75,3.08,5.51,1.24,4.85,682.16
B,11.98,2.56,2.6,20.16,100.34,3.23,4.61,1.06,3.18,3.82,0.97,3.46,798.91
B,11.57,2.54,2.74,20.17,104.74,3.13,3.18,0.72,2.89,3.25,1.56,3.59,635.48
B,12.2,2.93,2.43,22.93,105.45,3.01,3.89,0.41,2.11,5.43,1.74,3.71,793.35
B,12.24,2.49,2.92,22.25,103.72,3.28,4.31,0.38,2.69,4.24,1.29,4.92,799.81
B,11.74,2.14,3.31,30.82,126.73,4.11,6.67,1.11,3.19,8.91,1.76,3.95,595.16
B,12.16,2.97,3.29,28.67,126.43,3.68,6.36,0.49,2.07,6.89,1.48,4.02,624.09
B,12.09,2.15,3.26,31.01,120.54,4.07,5.79,0.61,3.1,7.26,1.63,5.6,543.06
B,11.65,2.95,4.06,29.47,123.26,3.34,5.36,1.31,2.71,6.86,1.18,4.83,526.66
B,12.01,2.43,3.6,31.36,124.22,4.04,6.86,1.01,2.99,7.05,1.92,4.13,560.92
B,12.25,2.45,3.42,31.48,127.76,4.03,6.13,0.71,3.85,6.81,1.64,5.22,516.52
B,11.65,2.45,4.03,30.37,120.69,4.12,5.59,0.82,3.17,7.79,1.61,5.56,482.11
B,12.17,2.92,4.11,28.55,123.88,3.45,6.6,0.85,3.85,6.6,0.98,5.3,574.12
B,12.39,2.67,3.49,30.98,122.6,3.24,5.33,0.74,2.4,7.08,1.69,5.5,505.78
B,12.26,2.11,3.88,31.29,121.57,3.98,5.79,0.5,3.31,6.93,0.99,5.5,570.03
B,12.01,2.32,3.32,29.18,125.74,3.18,5.31,0.49,3.16,7.92,1.04,4.5,644.3
B,12.04,2.17,3.34,28.9,119.15,4.03,6.73,1.45,3.41,7.14,1.44,5.55,568.16
B,11.57,2.89,3.96,28.6,127.28,3.31,5.44,0.55,2.73,8.77,1.27,4.83,549.25
B,12.46,2.16,3.98,31.11,121.69,4.02,6.26,0.55,2.92,8.34,0.98,4.57,573.42
B,12.46,2.1,3.94,29.99,124.36,3.99,5.73,0.83,2.15,8.68,1.6,4.15,569.61
B,12.38,2.79,3.6,29.16,124.12,3.61,6.26,1.28,2.4,7.83,1.76,5.68,638.51
B,12.19,2.23,3.26,31.17,122.52,3.53,6.23,1.07,3.63,6.74,1.35,3.95,546.63
B,11.82,2.2,3.6,31.43,121.49,3.45,5.47,0.64,2.38,6.21,1.63,4.72,492.74
B,11.75,2.41,4.03,30.23,119.99,3.81,5.54,0.57,1.92,6.49,1.4,3.69,648.55
B,12.4,2.18,4.01,29.03,125.29,3.24,5.99,0.87,2.64,8.82,1.57,4.22,562.63
B,13.11,5.22,3.72,28.87,110.29,2.42,2.29,1.22,3.24,3.31,1.6,4.26,490.65
B,13.12,4.49,3.55,28.18,106.02,2.96,3.64,0.48,2.31,3.24,0.96,5.05,463.85
B,12.78,5.42,3.59,27.23,105.18,2.7,2.37,0.99,3.5,2.17,1.82,4.82,563.89
B,13.05,4.5,3.55,27.51,103.05,2.82,4.01,0.88,2.78,4.5,1.77,4.92,400.47
B,13.37,5.34,3.44,27.16,108.06,2.55,3.53,0.78,3.54,3.64,1.47,5.04,556.36
B,12.99,4.58,3.11,26.88,104.14,2.64,2.93,0.96,2.39,4.79,1.6,4.13,562.52
B,12.59,5.4,2.75,29.47,109.45,2.3,2.85,1.33,2.93,3.26,1.44,4.4,395.22
B,12.87,4.51,2.87,26.52,108.27,2.53,2.72,0.69,3.59,4.48,1.59,3.86,512.81
B,12.65,4.65,3.42,27.36,103.67,2.88,2.28,0.64,2.97,2.33,1.67,4.49,481.47
B,13.21,5.37,3.64,27.94,108.81,3.02,3.3,1.37,3.53,2.66,1.27,3.19,521.58
B,12.89,4.51,3.36,27.15,109.93,2.22,2.2,0.86,3.42,4.28,1.9,3.45,371.03
B,13.34,4.63,2.87,28.48,102.4,3.11,2.29,0.96,3.5,2.17,1.58,3.18,400.97
B,12.76,5.03,3.32,26.62,106.69,2.83,2.17,1.14,2.83,3,1.06,3.73,375.9
B,13.29,5.19,3.53,28.25,110.01,2.34,3.61,0.81,3.68,5.05,1.08,3.48,432.49
B,12.48,4.72,3,26.51,103.97,2.55,3.33,1.25,2.57,2.69,1.58,5.05,387.44
B,12.74,4.7,3.59,29.21,109.69,2.31,3.25,0.5,3,2.64,1.88,4.25,418.92
B,12.58,4.87,3.7,28.08,103.19,2.24,3.79,1.06,2.01,3.12,1.79,4.65,470.2
B,12.96,4.82,3.09,28,102.26,2.72,3.03,1.3,2.52,4.77,1.44,4.22,493.45
B,13.4,5.11,3.7,27.38,105.54,2.34,3.18,0.43,2.11,3.14,1.27,3.25,485.78
B,12.76,4.67,3.27,27.05,106.15,3,3.96,0.85,2.02,2.28,1.1,4.02,372.58
B,13.08,6.31,2.83,23.69,93.79,2.72,3.69,0.88,2.44,3.93,1.63,3.1,426.14
B,13.35,6.54,2.46,22.02,92.28,2.88,4.64,1.01,3.59,5.47,1.54,4.28,512.24
B,13.72,5.88,2.99,24.42,87.4,3.62,3.1,1.1,2.71,3.34,1.14,3.46,483.09
B,13.66,5.91,2.94,22.53,88.24,3.28,2.87,0.86,2.07,5.57,1.64,3.25,459.55
B,13.42,6.31,3.05,23.68,87.27,3.19,2.83,0.74,4.01,5.58,1.49,4.32,382.47
B,13.08,6.46,2.71,21.87,91.16,3.51,4.06,0.84,3.16,3.26,0.92,4.92,410.75
B,14.02,6.08,2.32,24.38,87.04,3.09,3.59,0.99,2.39,5.53,1.68,4.24,540.94
B,13.4,6.63,2.93,21.97,89.97,2.72,4.49,0.6,2.1,5.29,0.76,4.15,442.3
B,13.52,6.71,2.44,21.79,94.65,3.2,3.86,0.35,3.42,3.91,1.4,4.06,428.69
B,13.19,6.8,3.08,23.26,95.65,3.04,4.37,1.26,2.4,4.84,1.31,4.02,545.95
B,13.08,6.65,2.98,24.45,92.85,3.45,4.27,1.2,3.6,4.84,1.27,3.6,435.27
B,13.54,5.98,2.52,24.45,88.4,2.75,3.33,1.02,2.65,4.19,1.72,4.43,496.16
B,13.25,6.77,2.93,23.31,88.4,3.53,3.46,1.16,3.02,3.24,0.87,3.29,465.75
B,13.12,6.25,3.09,22.99,93.4,3.54,3.65,1.29,2.91,4.01,1.56,4.41,481.02
B,13.45,5.85,2.49,21.67,91.86,2.68,3.26,0.56,3.99,5.15,0.74,4.2,475.15
B,14,6.58,2.21,22.22,89.21,3.4,4.44,1.28,2.77,3.33,1.07,3.61,466.97
B,13.74,6.56,2.98,24.26,94.85,2.93,3.92,0.68,2.46,3.11,1.14,4.01,555.52
B,13.94,6.76,2.56,22.55,89.43,2.8,3.24,0.53,2.41,4.51,1.12,3.86,410.39
B,13.49,6.46,2.27,21.54,88.9,2.94,3.29,1.01,3.26,4.72,1.31,5.02,562.21
B,13.64,5.83,2.24,22.07,92.86,2.7,3.63,1.04,2.45,5.49,1.11,3.44,549.29
B,12.51,5.09,2.73,23.94,91.35,3.24,4.54,0.84,2.93,3.64,1.56,5.39,439.45
B,12.14,5.07,2.87,22.5,90.67,3.48,4.42,0.59,4.26,2.81,1.72,4.61,471.49
B,12.08,4.33,3.19,22.01,87.34,3.18,4.74,0.34,4.63,4.26,1.18,4.94,526.3
B,11.9,4.82,3.22,21.58,87.74,3.83,4.31,0.87,4.44,4.12,0.97,3.98,506.23
B,12.67,4.98,2.59,22.85,87.69,3.45,4.94,1.15,4.06,5.03,1.1,5.44,469.39
B,12.38,5.02,2.73,21.21,85.34,3.83,3.64,0.46,3.65,5.07,1.69,4.97,551.18
B,12.83,4.45,3.09,21.02,91.83,3.7,3.7,1.17,4.36,3.75,1.63,4.67,547.23
B,12.6,4.73,2.64,21.18,86.93,3.46,3.8,0.72,3.75,3.11,1.45,5.53,492.73
B,12.67,4.55,2.96,23.04,87.17,3.22,3.6,0.82,3.56,4.6,1.41,4.63,384.82
B,12.54,4.84,2.59,23.95,85.93,3.72,4.65,0.46,3.25,4.99,1.39,4.76,485.66
B,11.98,4.38,2.8,21.25,85.31,3.49,3.48,0.54,4.24,2.96,1.16,4.71,500.44
B,12.1,4.61,2.59,23.75,86.59,3.05,4.41,0.86,3.34,3.71,0.9,3.93,402.86
B,12.3,5.18,3.28,22.64,89.35,3.85,4.22,0.53,4.54,5.12,0.79,5.39,391.87
B,12.69,5.13,2.59,21.21,88.8,2.95,4.2,0.99,4.72,3.56,1.23,4.95,464.99
B,12.4,5.16,2.89,23.23,87.58,3.46,3.56,0.48,4.06,4.18,1.4,4.95,520.66
B,12.6,4.73,3.01,21.36,86.43,3.26,4.79,0.84,3.82,4.1,1.6,5.25,555.51
B,11.97,4.41,2.89,23.7,86.8,3.35,4.92,1.2,3.9,3.77,1.11,4.25,433.11
B,12.85,5.01,2.9,21.85,91.62,3.6,3.78,1.06,3.67,5.6,1.06,4.54,450.01
B,11.99,4.37,2.97,21.55,85.02,3.03,3.93,0.61,3.93,3.41,0.91,4.31,543.33
B,12.86,4.86,3.18,22.84,91.22,3.43,4.87,0.48,3.54,5.32,0.79,4.08,531.12
B,12.28,2.23,2.52,23.34,90.11,3.36,3.07,0.81,1.6,2.8,1.75,4.63,486
B,12.97,2.55,2.44,23.59,86.06,3.16,3.73,1.33,1.41,5,1.05,4.68,462.99
B,12.5,3.09,2.26,23.95,91.97,3.21,3.74,0.56,2.52,3.81,1.82,4.81,487.97
B,12.73,2.98,2.67,23.52,93.27,2.74,3.36,1.02,3.23,5.57,1.37,5.15,446.22
B,12.23,2.88,2.65,23.15,94.71,3.25,3.65,1.2,1.82,4.64,1.55,4.04,461.77
B,12.96,2.46,3.16,22.28,88.49,2.89,4.4,0.55,2.76,3.35,1.53,4.96,474.66
B,12.89,2.19,2.79,23.72,87.9,2.95,3.68,0.38,1.57,3.44,1.29,4.07,465.85
B,12.37,2.76,2.65,21.3,85.67,3.24,3.81,1.27,1.62,3.11,1.33,3.93,419.93
B,12.4,2.84,2.18,21.14,89.42,3.32,3.21,1.04,2.64,5.14,1.28,4.52,402.28
B,12.1,2.66,2.24,22.71,85.18,3.37,3.6,0.4,2.05,4.7,1.01,5.08,554.33
B,12.45,2.57,3.05,22.72,85.12,3.21,3.31,1.23,2.81,5.76,1.1,4.17,499.06
B,12.83,3.09,3.04,23.35,93.8,3.52,4.2,0.87,2.03,4.57,1.28,4.96,570.52
B,12.42,2.39,2.84,23.72,85.89,3.12,4.25,1,3.11,4.51,0.96,4.77,536.78
B,12.52,3.15,3.09,21.32,89.19,3.01,2.65,1.21,1.91,2.82,1.69,4.99,480.9
B,12.64,2.98,3.09,22.4,93.9,2.71,3.63,0.65,2.17,2.99,1.07,3.51,384.56
B,12.35,2.69,2.47,22.27,90.03,3.07,4.28,0.39,2.62,4.05,0.88,4.91,431.46
B,12.96,2.34,2.65,21.44,86.89,3.38,3.94,0.43,2.01,3.82,1.07,3.7,482.63
B,12.64,2.73,2.92,22.49,88.76,3.54,3.11,1.18,3.11,2.81,1.74,3.83,450.52
B,12.62,2.45,2.78,22.18,86.91,3.14,2.65,0.69,1.82,4.13,1.72,4.26,527.26
B,12.46,3.12,3.01,23.98,94.91,3.41,3.71,0.92,1.53,4.25,1.21,3.82,383.06
B,12.47,2.02,2.58,23.14,93.79,3.69,3.72,0.69,2.27,4.55,1.65,4.56,431.76
B,12.96,2.48,2.9,23.97,86.15,3.3,3.35,1.01,2.95,5.69,1.57,3.83,529.79
B,12.88,2.35,2.52,22.21,87.02,3.4,4.25,1.05,2.88,6.46,1.23,4.44,477.86
B,12.73,2.11,3,23.27,89.45,3.3,4.46,0.68,3.17,4.63,0.71,4.27,401.16
B,12.58,1.97,2.54,24.29,94.07,3.61,3.39,0.84,2.15,6.77,1.13,4.57,530.32
B,12.96,1.88,3.25,24.05,93.41,2.86,3.35,0.91,3.54,5.63,0.76,3.81,378.95
B,13.16,2.32,2.73,23.25,90.53,3.49,3.47,0.55,2.11,4.17,1.37,4.61,453.39
B,12.91,2.11,2.61,23.46,93.86,2.9,4.28,0.66,1.81,6.48,1.35,3.78,382.48
B,13.32,2.46,3.04,24.17,95.7,3.58,4.31,0.85,3.71,4.22,0.97,3.56,378.43
B,12.89,1.93,3.13,22.27,88.71,2.87,4.23,0.64,2.25,4.64,0.77,4.47,380.5
B,12.45,2.12,2.96,21.77,94.23,2.99,4.79,0.62,3.17,6.15,0.77,3.67,364.68
B,12.63,1.62,2.97,22.43,91.82,2.89,3.26,0.76,2.51,6.78,1.63,2.94,509.68
B,12.88,2.09,2.84,24.29,92.17,3.36,4.8,1.34,3.03,6.87,0.86,4.02,396.24
B,13.19,1.9,3.22,23.8,86.92,3.7,5.11,0.78,1.97,5.23,1.3,3.49,445.03
B,12.94,2.22,2.7,24.05,92.25,3.05,5.09,1.11,2.25,6.1,1.21,4.35,357.45
B,13.27,1.85,2.84,23.2,90.44,3.24,3.66,1.03,2.38,6.56,1.45,3.17,404.7
B,13.11,2.09,2.74,23.39,87.02,3.71,5,1.34,2.65,6.01,1.16,3.33,405.79
B,12.81,2.12,3.1,23.97,92.59,3.58,4.76,0.89,2.87,4.58,1.6,3.84,366.64
B,13.07,1.62,2.47,21.95,86.17,2.92,4.46,0.88,2.34,4.99,1.33,3.91,428.67
B,12.54,2.11,2.89,24.13,87.45,2.78,4.88,0.67,3.56,5.1,1.12,3.66,520.2
B,12.17,2.55,3.2,30.75,93.13,2.72,2.57,1.28,2.49,5.12,1.06,3.55,555.34
B,12.22,2.56,3.28,29.71,96.32,2.55,3.12,1,2.89,4.89,1.18,2.71,628.37
B,11.97,2.63,3.46,29.35,100.04,2.59,2.84,1.15,2.9,3.44,1.38,3.3,644.61
B,11.95,2.92,3.61,29.1,98.14,2.96,3.81,0.83,2.52,3.26,0.99,2.45,532.79
B,12.45,2.61,3.18,28.96,95.63,2.58,4.06,0.79,3.2,3.28,1.7,4.2,508.52
B,12.61,3.04,2.99,31.45,95.17,2.6,3.85,1.49,2.27,3.77,1.87,4.15,642.47
B,12.68,2.88,3.36,29.31,94.39,2.24,3.73,1.18,2.73,5.65,1.11,4.03,518
B,12,2.79,3.34,30.1,101.26,2.4,3.73,0.93,1.88,4.19,1.17,2.63,573.56
B,12.75,2.13,3.55,31.03,98.2,2.55,3.75,1.06,1.85,4.7,1.25,3.81,495.13
B,12.67,2.98,3.6,29,98.13,2.87,4.1,1.12,1.77,4.75,1.41,2.92,552.84
B,12.3,2.27,2.92,31.26,94.88,2.98,4.03,0.76,3.16,3.67,1.14,2.82,531.55
B,12.18,2.88,3.2,30.99,96.31,2.58,4.07,1.39,1.83,4.99,1.44,3,518.35
B,12.45,2.3,2.89,28.96,97.91,2.54,2.79,0.88,3.38,3.97,1.26,2.54,521.3
B,11.98,3.02,3.59,30.18,96.12,2.2,2.47,1.42,3.07,4.1,1.02,3.47,520.04
B,12.29,2.86,2.93,30.44,97.81,2.95,3.17,1.28,2.48,5.36,1.9,4.26,537.41
B,12.62,3.01,2.95,29.6,93.23,2.81,4.1,1.04,3.47,4.48,1.17,3,478.51
B,12.41,2.46,2.86,29.34,94.29,2.4,3.46,0.62,1.96,3.87,1.72,3.37,589.65
B,12.3,3.01,3.06,30.31,93.26,2.53,3.48,1.48,2.4,5.28,1.96,4.11,506.99
B,12.12,3.03,3.6,29.14,95.1,3.01,3.9,0.73,2.55,5.53,1.79,2.87,642.62
B,12.47,3.06,2.85,31.34,96.72,2.35,3.84,0.75,3.4,5.05,1.61,3.39,613.03
B,13.36,1.98,2.71,26.2,93.28,2.26,3.57,0.44,2.52,4.36,1.84,4.26,479.34
B,13.28,2.32,2.6,27.14,94.01,2.67,2.48,1.34,2.77,2.51,1.87,3.09,414.8
B,12.77,2.53,2.54,27.32,92.28,2.56,3.39,1.31,3.65,2.31,1.43,3.81,503.75
B,12.85,2.3,2.69,25.78,93.99,2.92,3.6,1,3.69,3.79,1.89,3.64,407.64
B,13.27,1.64,2.71,25.89,90.55,2.3,4.21,0.55,3.27,2.38,1.35,4.47,419.38
B,12.95,1.64,3.08,27.01,91.93,2.37,2.52,0.85,2.29,4.3,1.8,4.67,366.62
B,13.26,2.63,2.65,27.36,95.4,2.72,3.45,1.05,2.31,3.82,1.33,4.33,480.07
B,12.98,2.14,3.25,24.82,92.04,2.31,2.53,0.49,3.86,2.83,1.48,3.64,500.07
B,12.5,2.07,2.66,26.51,97.71,2.78,3.7,1.29,3.75,3.57,1.33,3.86,435.95
B,12.95,2.53,3.21,24.95,88.25,3.08,3.72,1.1,2.97,2.86,1.55,3.55,500.33
B,12.76,1.78,2.76,25.97,91.31,2.53,3.51,0.96,1.98,2.21,1.05,4.31,345.26
B,12.76,2.57,2.49,25.33,96.12,2.82,3.91,0.58,3.11,3.1,1.33,3.1,387.11
B,12.66,1.68,3.1,25.63,92.31,3.19,2.69,1,2.53,4.51,1.22,4.72,529.81
B,12.77,2.36,3.18,26.23,93.44,3.08,4.43,1.06,3.32,4.2,1.28,4.33,403.3
B,13.28,1.87,3,26.18,92.16,3.12,4.26,1.02,3.81,3.37,1.5,3.89,475.33
B,12.9,1.97,2.86,25.67,90.21,2.99,3.96,1.35,1.97,3.06,1.04,4.34,352.25
B,13.09,2.52,2.49,27.16,90.47,2.3,4.13,0.89,2.5,4.58,1.68,2.92,521.25
B,12.84,1.63,2.81,25.7,88.97,2.26,3.66,0.77,3.31,4.91,1.05,3.95,437.59
B,12.39,2.26,2.72,26.89,97.06,2.75,3,1.11,2.06,2.33,1.85,3.2,433.08
B,13.24,2.61,2.65,26.68,95.06,2.6,4.29,0.59,2,2.45,1.55,3.88,363.95
B,12.28,4.64,2.5,23,88.63,2.61,3.52,0.51,2.64,4.97,1.14,2.64,641.52
B,12.1,4.32,2.5,24.24,81.03,3.04,2.86,0.71,1.37,4.72,1.76,2.72,626.6
B,12.78,5.06,2.7,24.23,82.09,2.54,2.33,0.42,2.1,3.1,1.1,3.07,663.64
B,12.86,4.45,3.34,23.26,84.06,2.34,2.77,0.64,2.56,3.63,1.37,3.79,743.74
B,12.34,5.18,2.7,22.78,89.1,2.31,3.12,0.44,3.18,5.3,1.46,4.18,737.2
B,12.66,4.43,2.74,23.19,83.48,2.95,2.25,0.92,2.67,4.36,1.22,4.37,716.67
B,12.22,4.86,3.28,24.73,87.8,3.06,3.4,0.48,2.04,3.84,0.85,3.41,729.05
B,12.33,4.35,2.5,23.02,85.15,2.73,2.03,0.76,1.69,5.07,1.46,3.5,684.68
B,12.16,4.34,2.75,22.12,83.76,3.08,2.84,1.15,1.64,5.15,0.92,3.19,685.02
B,12.56,5.23,3.06,22.15,86.43,2.92,3.16,0.8,3.32,4.17,0.82,2.92,645.65
B,12.91,4.76,2.54,22.56,84.91,2.79,3.55,0.5,2.4,4.86,1.46,2.92,672.26
B,12.22,5.04,3.1,23.54,82.2,2.51,3.45,1.17,1.99,3.15,1.53,2.8,737.86
B,12.66,5.06,3.07,23.58,80.05,2.38,1.97,1.38,2.42,5.19,1.14,4.14,595.82
B,12.21,5.07,2.68,23.91,80.25,2.38,1.8,1.27,1.55,5.52,1.38,3,585.31
B,12.74,4.81,2.93,24.14,84.05,2.68,1.98,0.59,1.91,3.87,1.7,3.57,687.81
B,12.74,4.91,2.89,23.12,87.76,2.45,1.77,0.73,2.87,3.38,1.17,4.35,617.32
B,12.05,4.54,3.23,22.26,88.98,2.85,3.31,0.52,1.97,5.47,1.27,3.12,644.58
B,12.51,4.41,3.24,24.66,89.52,2.32,3.54,0.62,1.48,4.57,1.74,4.07,765.97
B,12.84,4.79,2.9,22.52,88.84,2.46,3.39,1.33,2.66,4.03,1.73,3.98,581.88
B,12.77,4.57,2.63,24.38,83.82,3.07,3.64,1.2,1.49,4.88,1.28,3.22,615.03
